-- phpMyAdmin SQL Dump
-- version 4.8.3
-- https://www.phpmyadmin.net/
--
-- Servidor: 127.0.0.1
-- Tiempo de generación: 24-03-2019 a las 13:26:46
-- Versión del servidor: 10.1.35-MariaDB
-- Versión de PHP: 7.2.9

SET SQL_MODE = "NO_AUTO_VALUE_ON_ZERO";
SET AUTOCOMMIT = 0;
START TRANSACTION;
SET time_zone = "+00:00";


/*!40101 SET @OLD_CHARACTER_SET_CLIENT=@@CHARACTER_SET_CLIENT */;
/*!40101 SET @OLD_CHARACTER_SET_RESULTS=@@CHARACTER_SET_RESULTS */;
/*!40101 SET @OLD_COLLATION_CONNECTION=@@COLLATION_CONNECTION */;
/*!40101 SET NAMES utf8mb4 */;

--
-- Base de datos: `facturacion`
--

-- --------------------------------------------------------

--
-- Estructura de tabla para la tabla `caja`
--

CREATE TABLE `caja` (
  `id` int(11) NOT NULL,
  `fecha` datetime NOT NULL,
  `estado` tinyint(1) NOT NULL,
  `user_created` int(11) NOT NULL,
  `user_updated` int(11) NOT NULL
) ENGINE=InnoDB DEFAULT CHARSET=utf8;

--
-- Volcado de datos para la tabla `caja`
--


-- --------------------------------------------------------

--
-- Estructura de tabla para la tabla `categorias`
--

CREATE TABLE `categorias` (
  `id` int(11) NOT NULL,
  `nombre` varchar(150) NOT NULL,
  `descripcion` text,
  `estado` tinyint(4) DEFAULT NULL
) ENGINE=InnoDB DEFAULT CHARSET=utf8;

--
-- Volcado de datos para la tabla `categorias`
--

INSERT INTO `categorias` (`id`, `nombre`, `descripcion`, `estado`) VALUES
(1, 'leches', 'todo leches', 1),
(2, 'Gaseosas', '', 1),
(3, 'Golosinas', '', 1),
(4, 'Galletas', '', 1),
(5, 'Limpieza', '', 1);

-- --------------------------------------------------------

--
-- Estructura de tabla para la tabla `clientes`
--

CREATE TABLE `clientes` (
  `id` int(11) NOT NULL,
  `rnc` varchar(45) NOT NULL,
  `razon_social` varchar(45) DEFAULT NULL
) ENGINE=InnoDB DEFAULT CHARSET=utf8;

--
-- Volcado de datos para la tabla `clientes`
--

INSERT INTO `clientes` (`id`, `rnc`, `razon_social`) VALUES
(1, '4600235701', 'FRANCISCO ANTONIO SANTANA'),
(2, '100322338', 'ISABEL YOLANDA VALENZUELA ROSARIO'),
(3, '531028378', 'COEN GARCIA SARAH JOSEFINA'),
(4, '501989895', 'GARCIA GELL JESUS SALVADOR'),
(5, '117328690', 'WILIAN LEONEL DOTEL PEREZ'),
(6, '114432149', 'LUIS ELPIDIO SANTIAGO THEN'),
(7, '101262822', 'MERCEDES DE VARGAS CASTRO'),
(8, '502611046', 'AZCONA RODRIGUEZ DE ESPINAL MARIA ALTAGRACIA'),
(9, '103716205', 'MARIA DE LOS ANGELES CASTILLO FERNANDEZ'),
(10, '104792452', 'JOCELYNE DEL CARMEN TEJADA GISBERT'),
(11, '10000017524', 'JULIO ENRIQUE NOLASCO SOSA'),
(12, '107272379', 'JUAN RAMON HEREDIA CASTILLO'),
(13, '4800501365', 'MARCIAL TINEO GARCIA'),
(14, '501478442', 'BEGAZO DE LUGO JUSTA ELIZABETH'),
(15, '3200020083', 'MARINO CASTRO'),
(16, '3101001208', 'PORFIRIA ANDREA SANCHEZ DE MARTINEZ'),
(17, '100055839', 'EDWIN AUGUSTO SOSA VIERA'),
(18, '1100262698', 'TOMAS ENRIQUE CASTILLO GARCIA'),
(19, '501475433', 'DAMIAN OSCAR MARIA'),
(20, '1200071619', 'CRISTELA GERALDO'),
(21, '501475468', 'NOVOA MARTINEZ DE ENCARNACION TRINIDAD VIRGIN'),
(22, '3200120883', 'TOMAS BATISTA MERCADO'),
(23, '1200400388', 'FRANCISCO CEDANO PEREZ'),
(24, '1200368197', 'ANA BEATRIZ QUEZADA ROSARIO'),
(25, '501476626', 'VARGAS DE TEJADA MANUELA DE JESUS'),
(26, '104991484', 'NOEMI ANTONIA PEREZ SOLANO CONTRERAS'),
(27, '2000136420', 'FIORDALIZA CANELA VALENTIN'),
(28, '501476634', 'MANON VALERA TOMASA'),
(29, '1200165387', 'MILAGROS ANTONIA RAMIREZ MONTERO'),
(30, '501476677', 'TEJEDA MEDIAN HERNAN'),
(31, '501476685', 'TAVARES POLANCO RAMON GUADALUPE'),
(32, '1600024366', 'OLGA MARIA PALMER Y VALDEZ'),
(33, '1200099552', 'ANGEL RAMON RIVERA LAZALA'),
(34, '501479269', 'GARCIA GARCIA ANGEL'),
(35, '5600684871', 'RAMON ANTONIO GILBERT RAMIREZ'),
(36, '1200176764', 'MARAGARITA PEREZ ALCANTARA'),
(37, '108501859', 'THELMA PE?A OGANDO'),
(38, '1200043998', 'GUILLERMINA ANTONIA PI?A DE MONTERO'),
(39, '1200154985', 'ADELINA BAUTISTA DE LOS SANTOS'),
(40, '5601139545', 'MARIA MARGARITA MENA CRUZ DE CAMILO'),
(41, '5600174766', 'ADALGIZA DEL CARMEN ESPINO MU?OZ DE BONILLA'),
(42, '4700892013', 'DAYSI LUCIA RAMIREZ SANTOS'),
(43, '5600632243', 'FRANKLIN PAULINO HICIANO'),
(44, '101253094', 'LUIS ALBERTO ZAPATA'),
(45, '531053046', 'SANCHEZ DEL ROSARIO URBANA'),
(46, '5601094153', 'FRANKLIN ANTONIO GOMEZ FIGUEROA'),
(47, '5600792419', 'CLAUDIO ALFREDO DE JESUS ESPINAL BADIA'),
(48, '5600082951', 'GLORIA CHALJUB ROSA DE GONZALEZ'),
(49, '5600925050', 'SANTO RAFAEL MARTE PAULINO'),
(50, '104529599', 'MEDRANO REYES'),
(51, '5600719842', 'JOSE GILBERTO LANTIGUA PAREDES'),
(52, '2301024507', 'ANGEL GREGORIO LIRIANO CRUZ'),
(53, '504072035', 'RODRIGUEZ CRUZ DELCIO RAFAEL'),
(54, '504072094', 'SANTOS ROSARIO ROSA AURA'),
(55, '3100627565', 'PABLO URE?A RODRIGUEZ'),
(56, '3102442179', 'PEDRO HIRALDO'),
(57, '2301079121', 'JOSE AGUSTIN SILVESTRE DE LOS SANTOS'),
(58, '3100942055', 'RAFAEL ANTONIO FERNANDEZ TORRES'),
(59, '3600305944', 'FERNANDO ARTURO SALCEDO RODRIGUEZ'),
(60, '5400123781', 'JOSE BOLIVAR URE?A ALMANZAR'),
(61, '3100943251', 'FERNANDO ANTONIO JIMENEZ SANTOS'),
(62, '3102642752', 'JOSE FRANCISCO FELIO SABATINO'),
(63, '10300032389', 'MIRIAN DIOMERY UBIERA MERCEDES'),
(64, '108867532', 'JOSE ANTONIO SANCHEZ RICHIEZ'),
(65, '502598848', 'MCMALE JULIA ANTONIA'),
(66, '117104695', 'QIHONG WU'),
(67, '3700135720', 'JUANA ANTONIA VASQUEZ'),
(68, '502617613', 'URENA ABREU SAHIRA'),
(69, '6600184664', 'CARMEN PAREDES MORILLO'),
(70, '5000008374', 'BLAS ABREU DURAN'),
(71, '531024984', 'TEJEDA JENNIE'),
(72, '3200280018', 'JOSE ORLANDO HERNANDEZ SANCHEZ'),
(73, '11800010180', 'ARTURO TORRES'),
(74, '300152956', 'SONIA ALBALISA PIMENTEL LARA'),
(75, '502568035', 'MENDEZ TAVAREZ LUCAS EVANGELISTA'),
(76, '101065399', 'CARMEN ANTONIA AMARANTE DE LA CRUZ'),
(77, '114329121', 'ROSARIO MERCEDES DE JESUS VI?AS MINAYA'),
(78, '3101492456', 'MARIA LIGIA DIAZ INFANTE'),
(79, '3800094611', 'LUCIANO VENTURA SEVERINO'),
(80, '4700616040', 'JOSE ELIAS LIRIANO GARCIA'),
(81, '111047809', 'LIDIA JUANA RODRIGUEZ DE LOPEZ'),
(82, '110931151', 'JULIO ANIBAL VALLEJO RAMIREZ'),
(83, '3101179129', 'SAULIO DE JESUS SANTANA TAVERAS'),
(84, '101072429', 'JOSE RAYMUNDO DIAZ PE?A'),
(85, '4600193561', 'JUAN BAUTISTA JIMENEZ'),
(86, '3100798564', 'CARMEN LOURDES CASANOVA LAVANDIER'),
(87, '10300028205', 'GUILLERMO ALBERTO RAVELO DUVERGE'),
(88, '3103346353', 'NANCY HIRALDO DE LA CRUZ DE RODRIGUEZ'),
(89, '531025069', 'FELIZ MOLINA ORLANDO ANTONIO'),
(90, '3100939069', 'ANDREA NATALIA SUED BATISTA'),
(91, '101323327', 'PORFIRIO ANIBAL BREA CORONADO'),
(92, '3101164741', 'GERONIMO BOLIVAR SUAREZ DOMINGUEZ'),
(93, '107847667', 'ASTARTE JERINY SOSA LOPEZ'),
(94, '4700087036', 'MELIDA ELENA ESPINO BATISTA'),
(95, '3000014591', 'FRANCISCO ALEMAN MAZARA'),
(96, '2300957491', 'ERNESTO MEJIA SARMIENTO'),
(97, '2300298185', 'DIOGENES RAFAEL ARACENA ARACENA'),
(98, '2300265705', 'CARLOS ANTONIO BERNECHEA LOPEZ'),
(99, '2300118060', 'FELIPINA ALTAGRACIA TELLERIA MELLA'),
(100, '2300207137', 'DIORIS ISAIAS NATERA PE?A'),
(101, '113629489', 'EVA MINERBA DURAN ROBLES'),
(102, '2300134455', 'JOSE MERCEDES FERNANDEZ BELTRE'),
(103, '3102004573', 'JORGE FRANCISCO RAFAEL DURAN DURAN'),
(104, '2500044868', 'MARIANO DE JESUS MOTA MERCEDES'),
(105, '2700175983', 'FELIPE DE JESUS VASQUEZ ANTUNA'),
(106, '2700237098', 'ALBERTO MORLA YSAMBERT'),
(107, '2300014707', 'EDITA ORTIZ SOSA'),
(108, '2300815459', 'CESAR ALMONTE PEREYRA'),
(109, '2300321417', 'FELIX ANTONIO QUEZADA BERNABE'),
(110, '2300022445', 'MARGARITA FULGENCIO DUARTE'),
(111, '2300310352', 'VIRIATO RAMON SANTIAGO DAMIEN'),
(112, '2300374184', 'MARIA ASUNCION SORIANO JAVIER'),
(113, '3102889478', 'SIXTO ANTONIO RODRIGUEZ'),
(114, '531025093', 'LOCKWARD REYNOSO DOROTHY ARLENE'),
(115, '520000215', 'KIM JAE SUNG'),
(116, '520000223', 'ABAD ABAD CARLOS JOSE'),
(117, '4800434112', 'WILLIAN CIRILO REYES DE LEON'),
(118, '531019311', 'SANTANA LIZANDRA FRANCISCA'),
(119, '4800531313', 'FROILAN DE LA ROSA HOLGUIN'),
(120, '106897358', 'VICTORIANO DIAZ SILVA'),
(121, '5400069216', 'ALEJANDRO ANTONIO DIPLAN GUZMAN'),
(122, '5400961149', 'RUFINO MIGUEL ANGEL OVALLES SANTOS'),
(123, '5000168517', 'BELARMINIO SANCHEZ'),
(124, '3200167579', 'JOSE DE JESUS MELENDEZ CRUZ'),
(125, '2600557348', 'JULIO PEREZ'),
(126, '501475298', 'BERNAL MIRIAM ALTAGRACIA'),
(127, '3700829108', 'ENRIQUE ULLOA DIAZ'),
(128, '101516052', 'SECUNDINO JIMENEZ MEDINA'),
(129, '531019514', 'MARTINEZ NUNEZ LEONARDO RADAMES'),
(130, '531009977', 'LOPEZ INDIANA'),
(131, '10011706198', 'EDMOND KHOURY MUES'),
(132, '531047143', 'CRUZ SERGIA'),
(133, '506124601', 'VALVERDE GERALD BENIT JOSE'),
(134, '2900040748', 'FELLO URE?A'),
(135, '101140556', 'JOSE RAMON LOPEZ CUEVAS'),
(136, '200914307', 'ALFONSO VALERA'),
(137, '5600649734', 'FELIX ROQUE ORTIZ'),
(138, '502880731', 'PEA JUAN'),
(139, '8200010745', 'MANUEL TURBI QUITERIO'),
(140, '6800043611', 'JUAN FRANCISCO LORA MARTINEZ'),
(141, '502610163', 'TORRES DE FARIAS MILAGROS DE JESUS'),
(142, '3700156775', 'CARLOS SANTOS PARRA'),
(143, '502598856', 'GARCIA BRETON PEDRO JOSE'),
(144, '3100080716', 'ROSA MARIA JIMENEZ DISLA'),
(145, '3100146400', 'MIOSOTTIS GEORGINA REYES SALCEDO'),
(146, '3100688724', 'VIVIAN CRISTINA BONELLY ALMANZAR'),
(147, '3100292436', 'JOSE RAFAEL MU?OZ ACEVEDO'),
(148, '111055703', 'JOSE ALEXIS DE JESUS RAMIREZ CANDELARIO'),
(149, '3103265074', 'MARINA BARRIENTO DE SOSA'),
(150, '3101941502', 'FELIX ANTONIO CABA PE?A'),
(151, '103601118', 'GEUEL BAUTISTA GOMEZ'),
(152, '515128337', 'MELO ORTIZ MAGNOLIA'),
(153, '3100645062', 'HECTOR RAFAEL CUELLO REYES'),
(154, '12100062624', 'REYNALDO MARTINEZ GOMEZ'),
(155, '3100966211', 'PASTORA DE JESUS VALERIO PILARTE'),
(156, '504070261', 'CAPELLAN PEREZ ADELSO ANTONIO'),
(157, '101218006', 'IRIS ALTAGRACIA DE CASTRO TORRES'),
(158, '109964411', 'ARILDA RAMONA SENCION DE BENOIT'),
(159, '8800029947', 'NANCY DEL CARMEN SANTOS JORGE'),
(160, '108171174', 'ANDRES LEONARDO MARTE CUELLO'),
(161, '108963547', 'KOUE MEI SHIEH DE HUANG'),
(162, '101238111', 'YPORA DEL CARMEN BUENOS SANTOS'),
(163, '106904121', 'JESUS MARTINEZ JAIME'),
(164, '110155702', 'EUSEBIA DEL CARMEN BUENO PICHARDO'),
(165, '113040026', 'NELIS JOSEFA BATISTA TERRERO'),
(166, '501473104', 'CASTILLO ROSA'),
(167, '501463232', 'TEKAT WILLIAM ANTONIO'),
(168, '100888510', 'MARY KATHLEEN DOORLY COCCO'),
(169, '101431286', 'JOSE MAFOUD ARBAJE'),
(170, '101529691', 'AIDA AVILA JIMENEZ'),
(171, '111620878', 'ANTONIA GARCIA NU?EZ DE FERNANDEZ'),
(172, '531028157', 'ABREU LUISA'),
(173, '107908600', 'MARIA YOCASTA DE ALA MEDINA TABAR DE HERNANDE'),
(174, '9400110368', 'OSVALDO ANTONIO GERMOSEN'),
(175, '531028165', 'TALAMO SALVATORE'),
(176, '5100009330', 'VICTOR AGUSTIN TORIBIO NU?EZ'),
(177, '3100822687', 'IGNACIO RAFAEL VICENTE GOMEZ LIZARDO'),
(178, '6400116098', 'JOSE ALEXIS MARIA URE?A'),
(179, '2300086283', 'FRANK RAFAEL ANTUN VILLANUEVA'),
(180, '501479803', 'BALLISTA JOSE CARMELO'),
(181, '501479821', 'DE JESUS DE CASTILLO MARIA ALT'),
(182, '531039426', 'VASQUEZ ROMERO DULCE MARIA'),
(183, '5800139056', 'VICENTE POLANCO Y SANTOS'),
(184, '502889168', 'NICASIO JUAN DE JESUS'),
(185, '4800708192', 'HECTOR DARIO ALMANZAR BOTELLO'),
(186, '4800065866', 'JOSE NICOLAS JOSE GARCIA'),
(187, '531105674', 'HERNANDEZ VALENTIN'),
(188, '4800015390', 'RAMON EMILIANO DELGADO SURIEL'),
(189, '501969371', 'TATIS RODRIGUEZ MINERVA'),
(190, '4800093397', 'RAMON ALFREDO CACERES'),
(191, '4800676167', 'JUAN RUBENCINDO DE LA CRUZ PERALTA'),
(192, '4000036444', 'FELIPE ORTIZ'),
(193, '520000231', 'ABAD ABAD ESTEBAN'),
(194, '3100647597', 'ANA DEYSI REYNOSO SANTANA'),
(195, '501487865', 'BENITEZ AMELIA'),
(196, '512043171', 'WINTER RUSSEL K'),
(197, '501479252', 'MELE ANTONIO'),
(198, '515124201', 'ZAPATA RUIZ TESALONICA DINORAH'),
(199, '501479234', 'ROJAS BAEZ ROSARIO ALTAGRACIA'),
(200, '501832602', 'GIL DIAZ MIGUEL ANDRES'),
(201, '8700114765', 'KEISUKE YAMAKI YAMAKI'),
(202, '103246906', 'FELIX SOCRATES RODRIGUEZ CONTRERAS'),
(203, '200786333', 'CRISTINA ALVAREZ RAPOSO'),
(204, '5700027849', 'TOMAS AUGUSTO BIENVENIDO ROJAS VARGAS'),
(205, '105194971', 'NELSON ALCIDES DIAZ RAMOS'),
(206, '5400455464', 'CARLOS ALBERTO DE JESUS GARCIA HERNANDEZ'),
(207, '5400579875', 'MARIA FLORINDA HENRIQUEZ URE?A'),
(208, '5600327042', 'RAMON EMILIO BUENO VICENTE'),
(209, '105391544', 'DIONICIA MONTA?O MONTA?O DE DURAN'),
(210, '9500018636', 'MELIDA ANTONIA SORIANO'),
(211, '3400159301', 'CARLOS DANIEL SANCHEZ JIMENEZ'),
(212, '531129328', 'BELLAMOLI MATTEO'),
(213, '112717525', 'GUILLERMO ANTONIO DIAZ BAEZ'),
(214, '5400783733', 'HERIBERTA ALTAGRACIA AMARANTE POLANCO DE MEND'),
(215, '501446891', 'MENALDO LARA EDUARDO CESAR'),
(216, '502598937', 'JUMELLES FABIAN'),
(217, '3100278534', 'MARIA ELENA ALMONTE MATA DE ULLOA'),
(218, '113643456', 'JOSE MARIA URE?A CACERES'),
(219, '501491919', 'TODRIGUEZ DOMINGUEZ ELIGIO ANTONIO'),
(220, '1100033131', 'RICARDITO LUGO SANCHEZ'),
(221, '110691342', 'GLORIA ALMONTE'),
(222, '3700350527', 'MARIA MERCEDES VASQUEZ SILVERIO'),
(223, '105564405', 'CLEOLFA MEDINA PEREZ'),
(224, '100822303', 'VICTOR ALFREDO MALECK ABIKARRAM'),
(225, '501938859', 'VILLA CASTILLO FERNANDO'),
(226, '6600060989', 'RAMON EDILIO SURIEL MATIAS'),
(227, '4800461479', 'LEUTERIO MATA ZAPATA'),
(228, '200759389', 'RAUL MONDESI AVELINO'),
(229, '108790171', 'MILEDY SABINA FERMIN BRUN'),
(230, '4700675954', 'XIOMARA GUILLERMINA A LOACES TEJADA DE VASQUE'),
(231, '3104059419', 'CASILDA MARIA TAVAREZ FERNANDEZ'),
(232, '101172385', 'KATIA JUANA TERESA MARTINEZ FERNANDEZ'),
(233, '3100913973', 'TORIBIO SANCHEZ CELDA'),
(234, '112472345', 'RAFAEL ERNESTO HUNGRIA AZCONA'),
(235, '300801289', 'RAMON ANTONIO CRUZ PIMENTEL'),
(236, '3103045211', 'SIMEON ALMONTE'),
(237, '3700684438', 'JOSE ROSARIO'),
(238, '3700611241', 'AGUSTINA RUFINA HERNANDEZ'),
(239, '3800092920', 'EUFRASTES PEREZ GARCIA'),
(240, '3700293743', 'GILBERTO MORROBEL BONILLA'),
(241, '3700557931', 'PATRIA DIVINA ANTONIA HERNANDEZ DURAN'),
(242, '5400106554', 'FRANCISCO RAFAEL DE LOS ANGELE DOMINGUEZ MEND'),
(243, '1000090868', 'AMADA FIGUEREO'),
(244, '525001576', 'GARCIA DE LOS SANTOS ANA DIGNA'),
(245, '501477322', 'ESPINAL RIVAS ANDRES LUCIANO'),
(246, '2600587519', 'EDERMIRA CARRASCO FELIZ'),
(247, '2600229435', 'ELIGIO ESTEBAN CARABALLO CEDE?O'),
(248, '104278411', 'FRANCISCO GARCIA ROSA'),
(249, '2600006296', 'MARIANO SHEPHARD CAPOIS'),
(250, '105660773', 'ALIO PAULINO MONCION VALERIO'),
(251, '113523484', 'TIRSO EUGENIO PE?A RODRIGUEZ'),
(252, '502618962', 'RODRIGUEZ LANTIGUA YANY CECILIA'),
(253, '2600237115', 'ANA ANTONIA GUZMAN DE LEON'),
(254, '107682692', 'YVELISSE LANDRON NU?EZ'),
(255, '2600192716', 'JESUS MANUEL SEVERINO OZUNA'),
(256, '2600607424', 'MARIO SANTANA CASTILLO'),
(257, '3103548966', 'JUAN ANTONIO RODRIGUEZ ESTEVEZ'),
(258, '2600326363', 'EUSEBIO SOLIMAN ROSARIO'),
(259, '2600845222', 'MARIBEL ADALGIZA DE JESUS MARI?EZ ROMERO DE A'),
(260, '103454724', 'ROSA MARIA CARRERAS RAFAEL'),
(261, '501479862', 'VERAS DAISY ALTAGRACIA'),
(262, '501479872', 'CORTORREAL CRISTINO'),
(263, '501479889', 'MARRERO VARGAS WILLIAM'),
(264, '505062296', 'HILL WILLIAM FREDRICK'),
(265, '501480658', 'GONZALEZ VARGAS MERCEDES J'),
(266, '501480666', 'MOTA DE LA ROSA ENRIQUE'),
(267, '501480674', 'ROJA PEGUERO MILAGROS'),
(268, '2400118549', 'MARY LUZ TAVARES CARELA'),
(269, '501480692', 'MIRANDA INES M'),
(270, '2300292337', 'JOAQUIN JACOBO ALBIZU LEEVY'),
(271, '1000732618', 'MATILDE PARRA COMAS'),
(272, '2800257285', 'CALITRA SANCHEZ GIL'),
(273, '2600353896', 'AMARILIS SANTANA CEDANO DE MARTINEZ'),
(274, '2600579771', 'VICTORIA GUILAMO SANTANA'),
(275, '10300017554', 'CHARLES BATISTA'),
(276, '102832649', 'MARIA GREGORIA DEL C DOMINGUEZ OLIVERO'),
(277, '102335866', 'HELIODORA ANDREA GEORGE SANTANA'),
(278, '5600124290', 'MARIA DE LOS ANGELES LIRANZO'),
(279, '3102262569', 'CARMEN LUISA CONCEPCION POLANCO'),
(280, '2600004010', 'RUBEN DARIO MONTALVO RIVERA'),
(281, '2600183616', 'RITA ISABEL ENCARNACION MARTINEZ'),
(282, '2600164988', 'CARLITA GARABITO INIRIO'),
(283, '531025689', 'COSSA ANTONIO'),
(284, '8700014544', 'CARMEN ROSA FAJARDO GIL DE MOYA'),
(285, '4900342348', 'JOSE ANTONIO GONZALEZ JEREZ'),
(286, '3400147512', 'JULIO CESAR GERMAN LIZ'),
(287, '1800364265', 'FLORAIDA MARIA MELO BAEZ'),
(288, '3100931058', 'JOSE FRANCISCO RUIZ TORRES'),
(289, '102003910', 'RAMON LUCIANO GOMEZ PEREZ'),
(290, '3100523533', 'EMMY DOMINGA CRUZ VALERIO'),
(291, '1200133500', 'VIANEY MARILANDA MATEO RODRIGUEZ'),
(292, '103396578', 'CELEDONIA MONTERO MONTERO'),
(293, '511095225', 'GONZALEZ PEREIRA RUBEN'),
(294, '531065125', 'VALDEZ MARIA DOMINGA'),
(295, '8700032769', 'NARCISA MONEGRO SANTOS DE POLANCO'),
(296, '102552692', 'OSIRIS SOTO'),
(297, '5600916943', 'WELINTON GENAO PEREZ'),
(298, '5600153034', 'NURIS VIOLETA DUARTE TAVERAS'),
(299, '3103694992', 'JULIO VERAS DE LEON'),
(300, '3102602608', 'DANIEL MACARIO VASQUEZ'),
(301, '4100027566', 'LIDIANA JOSEFA PE?A GRULLON'),
(302, '3100440415', 'CARMEN DILIA ARIAS RIVERA'),
(303, '501494012', 'POLO ROSARIO MERCEDES'),
(304, '511095047', 'PEREZ MINYETY ANDRES'),
(305, '107964066', 'RAMON FCO. JAVIER TARRAGO MEDINA'),
(306, '2600751784', 'LUIS MARTIN LEDESMA'),
(307, '515128108', 'DENISE NICOLAS HEREDIA'),
(308, '9500124400', 'JOSE DELFIN URE?A URE?A'),
(309, '2600316992', 'GISELA CLEMENTE'),
(310, '2600169920', 'VICTOR AMAURI ABREU ACOSTA'),
(311, '3102923756', 'RAMON IGNACIO OVALLES'),
(312, '3100796543', 'GERMANIA ALTAGRACIA ROMERO'),
(313, '4701024442', 'ALBERTO DOMINGO PEREZ ABUD'),
(314, '502891715', 'VALERIO PEDRO ANTONIO'),
(315, '525001772', 'ACEVEDO BENCOSME BENITO ANTONIO'),
(316, '114212731', 'ALEJANDRO LOPEZ CORRAL'),
(317, '7100126015', 'ANGELA CAMPOS GARCIA DE PAREDES'),
(318, '5600682057', 'MARGARITA LOPEZ DE LA CRUZ'),
(319, '531028084', 'ABREU HERNANDEZ LUIS FELIPE'),
(320, '3100436124', 'YETSENIA LANTIGUA LANTIGUA'),
(321, '3101641912', 'JOSE DE JESUS FERNANDEZ TINEO'),
(322, '4500027026', 'ANGELA RAMONA OLIVO RAMOS'),
(323, '3500027671', 'JUAN ISAEL COLLADO URE?A'),
(324, '4900106503', 'ANTONIO TEJADA CABRAL'),
(325, '101475895', 'CLARA LOCKWARD ARTILES DE NU?EZ'),
(326, '502896547', 'ABREU RAMON ENRQUE'),
(327, '101715043', 'CARMEN ZENEIDA LUNA LUNA DE MARMOLEJOS'),
(328, '2600019786', 'PROVIDENCIA PAULINO PUENTE'),
(329, '4600265369', 'DAYCY MARIA MORA FERNANDEZ'),
(330, '531028106', 'DE LA ROSA GERMANIA'),
(331, '531028114', 'URIBE REYES FRANCISCO'),
(332, '9400013034', 'ANA MIRIAM CASTILLO S. DE LOPEZ'),
(333, '109047324', 'PATRIA INOA DE SEPULVEDA'),
(334, '531021985', 'RAMOS RAFAELA A'),
(335, '531025638', 'ALCANTARA OLIVERO MAURA CATALINA'),
(336, '9400028370', 'MODESTO ALFONSO URE?A FERMIN'),
(337, '100874361', 'ANA MERCEDES GARCIA ARAUJO DE GINEBRA'),
(338, '1200766937', 'YAHAIRA VALDEZ PEREZ'),
(339, '3103234666', 'EMILIO MARTINEZ'),
(340, '5100048239', 'IRIS ANTONIA DEL ROSARIO DISLA CAMILO DE CAMI'),
(341, '3100381064', 'JOSE ANIBAL DIAZ VALDEZ'),
(342, '111371324', 'CRISTINA ROSARIO'),
(343, '502610961', 'MARIANELA FERMIN'),
(344, '531028122', 'PEREZ GLADYS'),
(345, '5600936842', 'ABEL SALAZAR'),
(346, '113176960', 'LEON DUCOS RIJO'),
(347, '515123491', 'MELO TRONCOSO YONNY ALEXY'),
(348, '300554755', 'MELIDA IRIS ECHAVARRIA MATEO'),
(349, '3101574964', 'VICTORIA RAMONA GARCIA DIAZ'),
(350, '531028132', 'LUGO MARIA ELISA'),
(351, '3400382572', 'LEONALDO ORTIZ TEJADA'),
(352, '5500181515', 'NICANOR GUILLERMO HERNANDEZ PAULINO'),
(353, '4800554562', 'ALBERTO CAMINERO PAULINO'),
(354, '104132295', 'OSBALDO MANZUETA HERNANDEZ'),
(355, '5300033288', 'VIRGILIO SIMEON MALDONADO'),
(356, '4800097836', 'LUIS MANUEL ALBERTY VALDEZ'),
(357, '4800453559', 'RAFAEL OSVALDO CABRERA MARTINEZ'),
(358, '2300316953', 'SILVIO FRANCISCO MIDAS THOMAS ANDERSON'),
(359, '3900112545', 'JUANA TORIBIO'),
(360, '4800077051', 'SILVERIO ANTONIO LAZALA CACERES'),
(361, '2300845944', 'VICTOR FRANCISCO FERNANDEZ DE LOS SANTOS'),
(362, '2300243363', 'FELIX DE JESUS TORRES TORRES'),
(363, '2300148422', 'JUANA YSIRIA VALDEZ MERCEDES DE SANTANA'),
(364, '2300434855', 'FELICITA DE LA CRUZ MEDINA'),
(365, '2300301633', 'EMILIO MORLA'),
(366, '2300227309', 'FERNANDO ARTURO ALVARADO GOMEZ'),
(367, '2800093250', 'JOSE TOMAS MARTINEZ'),
(368, '505056911', 'GONZALEZ DE PENA OSCAR ANTONIO'),
(369, '100985597', 'IVELISE ALTAGRACIA MARMOL'),
(370, '5400299185', 'ELSA ALTAGRACIA RODRIGUEZ GUZMAN DE GARCIA'),
(371, '6700004838', 'JULIO PIMENTEL JHOGUIN'),
(372, '103357661', 'CARMEN LUZ DIAZ ABREU'),
(373, '506124642', 'LORA MARIA LUISA'),
(374, '2600519751', 'JIRLYS MIGDALIA CASTILLO DEL ROSARIO'),
(375, '3101091191', 'CLEMENTE PARRA'),
(376, '3101601155', 'JUAN DE LEON CAMACHO'),
(377, '3101452401', 'BRUNILDA LUCIA ESTEVEZ ESTEVEZ'),
(378, '3102445859', 'MIRIAN MERCEDES CESPEDES LOPEZ'),
(379, '502610147', 'GOMEZ FERMIN MIGUEL RAMON'),
(380, '503507111', 'SALVADOR ABREU BAUTISTA'),
(381, '2500249871', 'GUARIONEX MORENO ALTAGRACIA'),
(382, '115144842', 'JUAN FRANCISCO A?EZ CABRAL'),
(383, '2300236060', 'GERARDO PEGUERO SANTANA'),
(384, '2300383664', 'RAFAEL CHALAS MARTINEZ'),
(385, '5400437579', 'BIENVENIDA URE?A PEREZ'),
(386, '2300517139', 'ELADIO GABRIEL RUBIO'),
(387, '2300516172', 'ALEJANDRO DE LA CRUZ UBIERA'),
(388, '113285357', 'RAFAEL ADOLFO BONETTI MUNIGH'),
(389, '501481468', 'ROSARIO CONTRERAS OLGA ALTAGRACIA'),
(390, '518114042', 'FARIAS ALCANTARA CARLOS AMERICO'),
(391, '518114059', 'DIAZ ENCARNACION FERNANDO'),
(392, '1800349944', 'FRANCISCO MEDINA FELIZ'),
(393, '501473589', 'DEL ROSARIO DE LA ROSA FELIX'),
(394, '517028257', 'MORETA PIO RAMON'),
(395, '501473602', 'RAMIREZ MILAGROS ESTHER'),
(396, '501474674', 'RUVERA MERVE ESTHER'),
(397, '501475001', 'THOMAS RUBIE'),
(398, '507032521', 'BERTOZZO LUCIANO'),
(399, '507032538', 'HENRIQUEZ MORA MARIA LOURDES'),
(400, '1100013851', 'PANTALEON BERIGUETE BERIGUETE'),
(401, '10900024000', 'ERNESTO CONTRERAS DE LA ROSA'),
(402, '502618997', 'ESTEVEZ GREGORY'),
(403, '109748368', 'NELSON RAFAEL CABRAL VERAS'),
(404, '108331513', 'EVA ALTAGRACIA RODRIGUEZ SANCHEZ'),
(405, '512043678', 'INIRIO HERRERA ALTAGRACIA'),
(406, '113189427', 'RAFAEL DIAZ'),
(407, '506509137', 'MONTA?EZ SANCHEZ MARIA LUISA'),
(408, '512043716', 'PARNES HOWARD'),
(409, '512043724', 'WINGARD MURIEL'),
(410, '2600099721', 'MARTIN CASTILLO'),
(411, '512043732', 'BERMUDEZ MENDOZA JAIME'),
(412, '3700181278', 'MARTINA CALVO SALVADOR'),
(413, '2700350370', 'DEIDAMIA ZORRILLA RIVERA'),
(414, '518114083', 'AGRAMONTE ALCANTARA RINA ESTHER'),
(415, '2300084841', 'NARCISO ANTONIO SILVERIO RODRIGUEZ'),
(416, '518114091', 'BAUTISTA DE LOS SANTOS MODESTINA'),
(417, '3103006338', 'ALBERTO DAMIAN CAMPOS'),
(418, '1200068367', 'ESTELA MARIA MONTERO'),
(419, '1200063459', 'JOSE ANDRES LUGO DIAZ'),
(420, '1200593471', 'MANERPIDO LUGO'),
(421, '1200064051', 'MARIA ISABEL MONTILLA ENCARNACION'),
(422, '1200316519', 'JOVEN OGANDO AQUINO'),
(423, '502617567', 'VILLALONA JOSE ANTONIO'),
(424, '5400379078', 'MANUEL FRANCISCO TEJADA CANDELIER'),
(425, '110276797', 'DELIO RAFAEL BRITO MARTINEZ'),
(426, '5500189807', 'JOSE LEONARDO BATISTA'),
(427, '502866621', 'FABIAN FRIAS NELSON ANTONIO'),
(428, '3100467541', 'RAYMUNDO ANTONIO PEREZ CABRERA'),
(429, '2300300924', 'LESBIA ESTHER LLAVERIAS POLANCO'),
(430, '2300541121', 'HUASCAR DIAZ REYES'),
(431, '10200022613', 'FRANKLIN AMBIORY GONZALEZ'),
(432, '2600420372', 'RAUL ABRAHAM ENCARNACION'),
(433, '2300322399', 'FRANCISCO SANTANA RAMBALDES'),
(434, '2300203706', 'JUAN DE LEON BERROA'),
(435, '504687684', 'VASQUEZ RODRIGUEZ RICARDO'),
(436, '2300767262', 'MIGUEL ANGEL NU?EZ ROSA'),
(437, '501479196', 'VILCHEZ FAMILIA RAMON ARTURO'),
(438, '4800668099', 'MERCEDES MILAGROS PE?A PE?A'),
(439, '4800543342', 'TEURYS DE LOS SANTOS PAULINO NU?EZ'),
(440, '4800184436', 'BENERO ANTONIO VERAS VARGAS'),
(441, '4800428338', 'ADELAIDA BRITO PLASENCIA'),
(442, '2800077964', 'LIVIO CASTILLO CEDE?O'),
(443, '4800248942', 'EVANGELINA BACILIZA SOSA VASQUEZ'),
(444, '1200128674', 'ZOILA CASTILLO OGANDO'),
(445, '11800081926', 'CRISTOBAL LACHAPELL SANCHEZ'),
(446, '4800105993', 'AURA NERY OVANDO HERNANDEZ'),
(447, '501859012', 'LAZALA RODRIGUEZ SALVADOR'),
(448, '4800435069', 'FELICIANO DE LA CRUZ LENE'),
(449, '507032414', 'CLARIBEL GIL DE BERUBE'),
(450, '4800096721', 'JUAN BAUTISTA ROSARIO ABREU'),
(451, '4400001824', 'JUAN DE LA CRUZ GARCIA ALEJO'),
(452, '4800584163', 'RAMON MARIA SANTOS NU?EZ'),
(453, '5300030755', 'JOSE LUIS BARBEITO SORIANO'),
(454, '12300053100', 'JOSE VICENTE RODRIGUEZ ABREU'),
(455, '4900317084', 'JUAN MARIA GIL'),
(456, '11800023563', 'SERGIO PI?A PANIAGUA'),
(457, '4800331680', 'JUAN ONOFRE CAMACHO CAMACHO'),
(458, '200089720', 'RAMON BERNARDO RIVERA VALDEZ'),
(459, '4800137749', 'ALTAGRACIA EMILIA JOGA YSA'),
(460, '4800417968', 'CARLOS ANTONIO PEREZ ABREU'),
(461, '2800002095', 'FRANCISCO GUERRERO ABREU'),
(462, '4800434187', 'ANA DELIA RODRIGUEZ'),
(463, '5300015376', 'YGNACIO ANTONIO DURAN ABREU'),
(464, '5300231866', 'DISNARDA PATRIA ABUD ABREU'),
(465, '111808143', 'JOSEITO SORIANO'),
(466, '501481832', 'CABRERA DIAZ CARMEL ALT'),
(467, '5600036999', 'MARIA DE LOS SANTOS TAVAREZ CAMILO DE CASTRO'),
(468, '2300305907', 'EVELIN ZORAIDA DUVERGE MONTALVO'),
(469, '100366152', 'ANA MARIA MARTINEZ'),
(470, '2300181423', 'ANA TERESA DE JESUS SUAZO CRISPIN'),
(471, '4700862263', 'MANUEL EMILIO JIMENEZ MORONTA'),
(472, '2300525009', 'MIGUEL ANGEL CABRERA SOLANO'),
(473, '103670683', 'JAIRO RAMIREZ RODRIGUEZ'),
(474, '2300258395', 'JOSE ANTONIO BARCELO BAEZ'),
(475, '2300628878', 'CARIDAD DE LA ALTAGRACIA BALY MARTINEZ DE MAT'),
(476, '2300921174', 'JUAN MAYOBANEX REYES SAEZ'),
(477, '2300531429', 'CARMEN CABRERA DE PE?A'),
(478, '108861881', 'CANDIDA DAMIRON MAGGIOLO'),
(479, '2300313463', 'REYES GORIS ABREU'),
(480, '2300216617', 'JULIO GERVACIO APONTE CABRERA'),
(481, '100041029', 'MIRIAM ALTAGRACIA ESPINAL SEGREDI'),
(482, '2300485170', 'ROSA ELENA GARCIA'),
(483, '2300279771', 'HIPOLITO HERNANDEZ SANTANA'),
(484, '501597962', 'CABRAL PEREZ ANT RAMON'),
(485, '2300290612', 'RAMON ROSARIO'),
(486, '3100020621', 'DIONICIO RAFAEL CRUZ'),
(487, '3102402462', 'ANACLETA BAUTISTA MONTERO'),
(488, '3102876723', 'JUAN ANTONIO PILARTE'),
(489, '108938663', 'ESTEBAN VARGAS ROSARIO'),
(490, '3101045106', 'HERIBERTO ANTONIO SOSA RODRIGUEZ'),
(491, '502617575', 'COLLADO RAMON MARIA'),
(492, '3102674748', 'JUANA ALTAGRACIA VARGAS PICHARDO DE RUSSO'),
(493, '3100163298', 'JOSE ADAN CRUZ DE LEON'),
(494, '3100817935', 'BLASINA ALTAGRACIA GUILLEN'),
(495, '3100908783', 'LOURDES MARIA TORIBIO'),
(496, '3100129018', 'FRANCISCO JOSE COLON RODRIGUEZ'),
(497, '4500130853', 'GLORIA MARIA PERALTA TATIS'),
(498, '3700590114', 'RAQUEL MARIA BAEZ BRITO'),
(499, '3200078024', 'JUAN RAMON LOPEZ LOPEZ'),
(500, '3103020602', 'ANA MERCEDES CUESTA DE LOPEZ'),
(501, '3101156960', 'ADALBERTO AQUILES COLON TAVERA'),
(502, '502599224', 'MENDEZ SANCHEZ SIMON ANTONIO'),
(503, '5000105246', 'JASMIN HERNANDEZ BAEZ'),
(504, '7200064769', 'OMAIRA ORTEGA SANTANA'),
(505, '502618972', 'FERNANDEZ DE REYES NIDIA MERCEDES'),
(506, '3102472044', 'JOSE LUIS RODRIGUEZ RODRIGUEZ'),
(507, '3700189834', 'JUAN ROBERTO MARTINEZ BRUGAL'),
(508, '3700674777', 'FELIPE PICHARDO CASTILLO'),
(509, '501949036', 'MARTES YRIS MARGARITA'),
(510, '3100384977', 'YUDERKA FIORDALIZA CLASE MARTINEZ'),
(511, '3800101515', 'HENRY VINICIO GOMEZ'),
(512, '106803828', 'RAMON SUAREZ MEJIA'),
(513, '3101580870', 'MARIA DEL ROSARIO CLASE MARTINEZ'),
(514, '501473491', 'HERRERO RODRIGUEZ JOSE ANTONIO'),
(515, '100015049', 'MARIA ELOISA AYBAR BATISTA'),
(516, '5600048788', 'SEGUNDO RAFAEL ALVARADO GARCIA'),
(517, '101069524', 'MARITZA RAMIREZ'),
(518, '531014458', 'CAMINERO MEJIA MAYRA BERENICE DEL CARMEN'),
(519, '2800120624', 'MANUEL MARTINEZ CEDE?O'),
(520, '502610171', 'ADAMES RICARDO A'),
(521, '8600002060', 'MARCIA ALTAGRACIA LOZANO'),
(522, '2600706341', 'WANDA PAULINO'),
(523, '505066242', 'RYDL ALFONS'),
(524, '108811928', 'RAFAEL ANTONIO LAUREE RODRIGUEZ VERAS'),
(525, '2300140734', 'ROGELIO ANTONIO URE?A PAREDES'),
(526, '2300152242', 'LUIS ALEJANDRO OLIVARES CAPUTO'),
(527, '300878600', 'WANDA JOSEFINA MEDRANO URE?A'),
(528, '505617298', 'CASTELLINI LODOVINO'),
(529, '2300266745', 'ANGELA ALT DE LAS MDES CORPORAN POLONIO'),
(530, '531018941', 'THELMA DORA COLON'),
(531, '5601174484', 'ALTAGRACIA CONCEPCION GUTIERREZ'),
(532, '5600510118', 'MAYRA ANTONIA HERNANDEZ ROMANO'),
(533, '3100272206', 'AMABLE DIAZ'),
(534, '3101392375', 'ISIDRO ANTONIO LORA'),
(535, '107937021', 'RAMONA DEL CARMEN GARCIA LANTIGUA'),
(536, '102622818', 'NORBERTO MONTERO MONTERO'),
(537, '522011621', 'MARRERO VICTOR MANUEL'),
(538, '4800685820', 'JULIANA MARMOL HILARIO DE SCHERFFER'),
(539, '510303151', 'LORA VERY YOLANDA'),
(540, '501954961', 'ALABERN CARLOS VANRELL'),
(541, '117217570', 'REYES MONTERO'),
(542, '200619609', 'DOMINGO MESA BAUTISTA'),
(543, '502607741', 'SANCHEZ JUAN RADHAMES'),
(544, '101959765', 'ODALI RAMONA ROSARIO'),
(545, '2500138066', 'CESAR DE LA ROSA DE LOS SANTOS'),
(546, '501939685', 'CHIH PIN WANG SHENE'),
(547, '3100356868', 'ARIANO VARGAS'),
(548, '3101256679', 'FELIX ANTONIO URE?A VIDAL'),
(549, '9400029105', 'JOSE ANTONIO ALMONTE DOMINGUEZ'),
(550, '501474011', 'SANTANA JESUS'),
(551, '531025611', 'PEREZ COLLADO RAIZA NILDA'),
(552, '3100831696', 'JUAN ALBERTO NU?EZ COLLADO'),
(553, '524008217', 'LARA AZUCENA'),
(554, '504687927', 'LEONARDO EDUARDO'),
(555, '6100166898', 'JULIO CESAR PALEN'),
(556, '100871797', 'JOSE AMARO'),
(557, '501348182', 'SALOMON ELIAS'),
(558, '108119215', 'CARMEN DE AZA PEREZ DE RIVAS'),
(559, '531122846', 'OLGA SUAZO PEREZ'),
(560, '531057289', 'MONEGRO VALERIO JULIO CESAR'),
(561, '502899376', 'CRUZ PEREZ FREDY ALBERTO'),
(562, '300497450', 'ARMANDO TEJEDA PE?A'),
(563, '531017775', 'MOYA ELENA'),
(564, '111029450', 'FRANCISCO DICENT'),
(565, '10400018494', 'DESIDERIO LORENZO LORENZO'),
(566, '4900068448', 'LIDIA GARCIA DE LA ROSA'),
(567, '200760510', 'TEOFILO REYES'),
(568, '5600860968', 'ANIBAL DE JESUS DUARTE TAVERAS'),
(569, '501945626', 'TRINIDAD DE LEE ASIA MARIA'),
(570, '3200148793', 'JUAN ANTONIO SALVADOR LOPEZ'),
(571, '5400298484', 'RAMON AVARIS MEJIA Y MATA'),
(572, '3100598378', 'DORIS ANTONIA DEL CARMEN VARGAS DIAZ'),
(573, '4700064845', 'ANA ACOSTA'),
(574, '507032287', 'MARIA REYNOSO DANILO DE JESUS'),
(575, '531105692', 'GYEONG WON PARK'),
(576, '501972585', 'CASTILLO FORTUNA SANDINO'),
(577, '507032295', 'REYES DE LA ROSA BIENVENIDO'),
(578, '5600858483', 'ZENEIDA DE JESUS ABREU DE DURAN'),
(579, '10300044939', 'EDUARDO JOSE SIMON'),
(580, '3103726273', 'DAYSI GUZMAN'),
(581, '1000714962', 'NATIVIDAD LUCIANO ALCANTARA'),
(582, '4700571930', 'JOSE MARTIN TEJADA CRUZ'),
(583, '3100647605', 'JOSE ALEJANDRO RIJO CASTILLO'),
(584, '4900040231', 'IGINIO MARCELINO REGALADO BIZCAINO'),
(585, '114004765', 'WIN CHI NG NG'),
(586, '3104253996', 'GARCIA GARCIA SILVIA PETRONILA'),
(587, '114623358', 'FRANCISCO MANUEL DIAZ PRATT'),
(588, '3700099249', 'FLAVIA TAVAREZ JIMENEZ'),
(589, '4000074403', 'RAMONA VILLAMAN PEREZ'),
(590, '505624189', 'FALCON PEDRO'),
(591, '3700652336', 'FREDDY PADILLA MELO'),
(592, '101072650', 'TOMAS NICOLAS FELIZ BELTRE'),
(593, '3700153400', 'FELIX FAUSTINO HERNANDEZ'),
(594, '3700001484', 'NELSON AMILCAR GARCIA FERNANDEZ'),
(595, '100714815', 'SILVIA JOSEFINA MEDINA OGANDO'),
(596, '501490505', 'BATISTA CARRASCO HECTOR RAFAEL'),
(597, '5400170154', 'RAMON SILVERIO CABA'),
(598, '6400003650', 'AUDRY LIUJULAN ROSADO FERMIN'),
(599, '5500026025', 'JOSE EMILIO SANTIAGO'),
(600, '3100309008', 'DIONISIO DE JESUS MINAYA BAUTISTA'),
(601, '7300142457', 'JESUS RADHAMES SANTANA BAUTISTA'),
(602, '502610104', 'DE LEON EDUARDO ANTONIO'),
(603, '502610112', 'PAULINO PICHARDO ANTONIO'),
(604, '2600401869', 'CARMEN VIRGINIA RODRIGUEZ DUVERGE'),
(605, '4800692693', 'MODESTO DIAZ COSTE'),
(606, '5600061971', 'JUAN FRANCISCO ORTEGA COSTE'),
(607, '3700675030', 'FRANKLIN FRANCISCO PE?A'),
(608, '5300228821', 'JOSE RAMON SURIEL ALVAREZ'),
(609, '4800451306', 'SANTIAGO GARCIA BATISTA'),
(610, '101460400', 'JOSE DELIO GUZMAN QUIROZ'),
(611, '5300007100', 'GENEROSO VICTORIANO ROSADO'),
(612, '5600787229', 'ROSMERY ALTAGRACIA CAPELLAN GENAO'),
(613, '4900358203', 'JUAN ANTONIO ALMONTE LEONARDO'),
(614, '5600910342', 'JUANA ANTONIA QUEZADA'),
(615, '531129689', 'FRIAS APOLINAR'),
(616, '5600125719', 'RAFAEL TOBIAS DE JESUS LAJARA PAULINO'),
(617, '5600126584', 'MARCIA TRINIDAD PAULA CEBALLO'),
(618, '5600120579', 'REYNALDO YRENE MARTINEZ SEGURA'),
(619, '511100164', 'TESTI ALESSANDRO'),
(620, '5600235591', 'JOSE ALEJANDRO SANCHEZ CRUZ'),
(621, '5600046907', 'LORENZO PAYANO'),
(622, '5600174568', 'MIRIAM ENDELIZA DREW OGANDO'),
(623, '100347251', 'RAMON GREGORIO BAEZ HENRIQUEZ'),
(624, '4900000417', 'ESTHER JACKELINE ALMONTE DELGADO'),
(625, '114309115', 'FROILAN EDELMIRO VARELA CASTILLO'),
(626, '3900125398', 'VALERIO CABRERA'),
(627, '4000003022', 'LUCRECIA MORROBEL'),
(628, '2300712292', 'SARAH ESTHER CATANO BAEZ'),
(629, '2300272578', 'PORFIRIO PE?A CEPEDA'),
(630, '2300141286', 'CARLOS MANUEL ZORRILLA MEJIA'),
(631, '2300524291', 'JOSEFINA ARREDONDO QUEZADA'),
(632, '2300485212', 'NORIS VICTORIANA GARNET CAINES'),
(633, '108521782', 'FELIPE JIMENES JAVIER'),
(634, '2300146848', 'MIRIAN ALTAGRACIA RIJO BERROA'),
(635, '5600827884', 'RAMONA SANCHEZ MARIZAN'),
(636, '2300307242', 'DULCE MARIA LINARES OZUNA'),
(637, '8200122417', 'JOSE LUIS PINEDA PEREZ'),
(638, '2300486970', 'MARIA MARTINA RAMBALDE ARIAS'),
(639, '2300196603', 'RAFAEL FERNANDO CORREA ROGERS'),
(640, '2300052509', 'ANGELICA ALTAGRACIA MERCEDES'),
(641, '2300216955', 'MARCOS SERGIO BENITEZ'),
(642, '2300265184', 'NELSON DE JESUS ARROYO PERDOMO'),
(643, '2300260045', 'CARMEN ALTAGRACIA GIL DE ROA'),
(644, '2300578131', 'FELIX CANDELARIO ORTIZ'),
(645, '2300370521', 'FRANCISCO FEBLES FEBLES'),
(646, '3000050728', 'JOSE DOLORES SANTANA SANTANA'),
(647, '2300830888', 'JOSE RAMON DE LA CRUZ MERCEDES'),
(648, '2300373525', 'MILODY RODRIGUEZ'),
(649, '2800098317', 'ANORDO MORALES PION'),
(650, '2300121619', 'JUAN HERNANDEZ SORIANO'),
(651, '3700312600', 'GUILLERMO DE PE?A'),
(652, '2300188535', 'JUAN RAMON ACTA MICHELI'),
(653, '501751007', 'SEALS ZAPATA LUIS REINALDO'),
(654, '108134016', 'ANGEL GERINO RAMOS ABREU'),
(655, '502893556', 'MORAN JIMENEZ APOLINAR'),
(656, '512043538', 'RIVOLTA ESTHER'),
(657, '2700195536', 'ANGEL DANILO TEJEDA RAMOS'),
(658, '109366781', 'JEOMARIS TERESA YSABEL SIFRES NU?EZ'),
(659, '4000051476', 'ENRIQUE VENTURA MARTINEZ'),
(660, '100205731', 'HERMINIA ESPINAL NU?EZ'),
(661, '107001752', 'EUTACIO VASQUEZ BURGOS'),
(662, '113327167', 'JOSE RAFAEL GRULLAR DE JESUS'),
(663, '5400141577', 'TONY GABRIEL POLONIA GARCIA'),
(664, '5400119854', 'NELSON YNOCENCIO CASTILLO MARTINEZ'),
(665, '512043572', 'HUGHES RICHARD'),
(666, '114238371', 'ROSARIO ROSSORE'),
(667, '102079506', 'JOSE MIGUEL QUEZADA HERNANDEZ'),
(668, '3100810062', 'RAFAEL MARCOS URE?A'),
(669, '5400296868', 'JOSE MIGUEL FERREIRAS TORRES'),
(670, '113871784', 'PETRONILA POLANCO'),
(671, '2300346547', 'ARACELIS JULIANA RIVERA DIJOL'),
(672, '200699072', 'TRINIDAD MORBAN'),
(673, '3103706960', 'AUSTRALIA JIMENEZ QUEZADA'),
(674, '2300362924', 'ARCADIO CASTRO FABIAN'),
(675, '501481344', 'MARTINEZ BAEZ ANA LUISA'),
(676, '525001657', 'OMAR BIENVENIDO DE LEON'),
(677, '531048301', 'PEREZ JOSE FERNANDO'),
(678, '108333501', 'EFRAIN CASTILLO'),
(679, '6500124414', 'MAGNOLIA ALTAGRACIA'),
(680, '531046775', 'CLAUDIO POZO'),
(681, '115711475', 'JOSE RAMON PERALTA'),
(682, '5200030475', 'LUIS GERMAN ROSARIO GARCIA'),
(683, '3700108404', 'MARTHA FRANCISCO DISLA'),
(684, '512046456', 'GUERRERO GOICOCHEA ANDRES ROBERTO'),
(685, '3101196081', 'JUAN HENRIQUEZ CEPEDA'),
(686, '6800381680', 'PABLO ROSARIO'),
(687, '300023165', 'LUIS MANUEL PIMENTEL CASTILLO'),
(688, '101783983', 'NANCY POLANCO SALDA?A'),
(689, '111413571', 'FRANCIS ALBERTO MORA'),
(690, '3500165505', 'PEDRO BOLIVAR DE LA CRUZ DE LA CRUZ'),
(691, '4701230908', 'ADRIANO VARGAS COLLADO'),
(692, '3102081522', 'JUANA HIPOLITA DIAZ DE MENDEZ'),
(693, '503518332', 'TORRES ANTONY DANES'),
(694, '502614347', 'UCETA MAXIMO'),
(695, '531051681', 'VENTURA THELMA'),
(696, '1100057031', 'ESTEBAN ROJAS DE LA CRUZ'),
(697, '101685550', 'CLAUDIA TERESA FERRUA RODRIGUEZ'),
(698, '400023636', 'YRENE GUILLERMINA SANTANA AQUINO'),
(699, '505069142', 'DIAZ LIRIANO CARMEN MILAGROS'),
(700, '531019484', 'JAIME ENCARNACION BIENVENIDO'),
(701, '102249778', 'ROSAURA EDUARDO DE LA ROSA'),
(702, '1000714632', 'MARGARITA ALCANTARA'),
(703, '5601115966', 'CLEOTILDE SILVERIA CABREJA FERMIN DE GENAO'),
(704, '5600522220', 'EMILIA DEL VILLAR'),
(705, '5600638422', 'LUIS FERNANDO TAVERAS THEN'),
(706, '5601152217', 'MOISES RODRIGUEZ GARCIA'),
(707, '4701341275', 'BOLIVAR ANTONIO REYES BATISTA'),
(708, '501979921', 'SANCHEZ ELSA MARIA'),
(709, '4900054851', 'LEONARDO VELOZ AYALA'),
(710, '5600795255', 'JOSEFINA ALTAGRACIA RODRIGUEZ RODRIGUEZ'),
(711, '1200131660', 'JOSE DE LA CRUZ ACOSTA LUCIANO'),
(712, '531053054', 'VILLALONA DIAZ MIGUEL ANGEL'),
(713, '522006456', 'ARIAS FERMIN'),
(714, '112402342', 'GERONIMO ANTONIO POLANCO CABRERA'),
(715, '200338234', 'BIENVENIDO SANTAMARIA'),
(716, '110180726', 'FELIX CRISTINO GARCIA ALMONTE'),
(717, '101589851', 'MARIA DEL PILAR GRULLON PE?A DE RODRIGUEZ'),
(718, '11800071372', 'CELSA ANTONIA CABRERA FAJARDO'),
(719, '3103512434', 'JESUS ANTONIO ROSARIO MARTINEZ'),
(720, '2600115352', 'SEGUNDO CASIANO RAMIREZ'),
(721, '3600176105', 'VICTORIA CESAREA ESPINAL ESPINAL'),
(722, '523022381', 'ISABEL RIVERA'),
(723, '3102337080', 'MARIA DE JESUS LOPEZ PEREZ'),
(724, '501922235', 'SHAIKI MUHAMMAD N'),
(725, '501481808', 'ARANDA PEREZ ANDRES'),
(726, '300173499', 'ANGELA CASIMIRA DIAZ GONZALEZ'),
(727, '501481824', 'SANCHEZ JESUS ANTONIO'),
(728, '112888888', 'CARMEN         ROSA DE LA SIERRA ZAGLUL'),
(729, '501479544', 'PEREZ ROSARIO JUAN JOSE'),
(730, '2300867492', 'PEDRO SANCHEZ'),
(731, '102437928', 'OSIRIS NAPOLEON SOSA FRIAS'),
(732, '4700209937', 'REINA DE LOS ANGELES JIMENEZ M DE ESTRELLA'),
(733, '505068022', 'CASTILLO DE BONILLA CARMEN DOLORES'),
(734, '103152062', 'GERMANIA SILVERIO'),
(735, '501438783', 'FRED A AVILA'),
(736, '4700883467', 'BIENVENIDO ANTONIO BASORA MORENO'),
(737, '106508179', 'JOSE MARIA ABREU ABREU'),
(738, '105177331', 'TERESA MERCEDES ALMANZAR NUNEZ DE SUERO'),
(739, '101454809', 'GREGORIO ALFONSO RODRIGUEZ ALVAREZ'),
(740, '5400394903', 'MARTIN PEREZ'),
(741, '5400946454', 'JUAN DE JESUS MEDINA TORRES'),
(742, '3102425042', 'ANTONIO DE JESUS LOPEZ'),
(743, '3102001835', 'JORGE AQUILES ROJAS VASQUEZ'),
(744, '502876171', 'GOMEZ MARTINEZ MARIA FIDELINA'),
(745, '502617559', 'ALMONTE GUZMAN ROSA MARIA'),
(746, '2600275016', 'ANDREA ALCANTARA MERCEDES DE ROSARIO'),
(747, '110724309', 'WAN CHANG KUANG DE FUNG'),
(748, '2600713867', 'ANIBAL CRISTOBAL ALTAGRACIA SAVI?ON'),
(749, '512043742', 'MORALES VICTOR MANUEL'),
(750, '100860154', 'JOSE ANTONIO MOLINA DE AZA'),
(751, '2300235716', 'FRANCISCO ELPIDIO MONTERO'),
(752, '108155698', 'MARIA INMACULADA REYNOSO MELENDEZ'),
(753, '4800568539', 'CARMEN TERESA MONTAS ABAD'),
(754, '112856448', 'JUAN FRANCISCO GRAND'),
(755, '514031861', 'REDRIGUEZ ACEVEDO BIANELA ALTAGRACIA'),
(756, '3102134628', 'NEFTALI MERCEDES MENDEZ GUZMAN'),
(757, '3102155102', 'RAFAELA ANTONIA HERRERA PAULINO'),
(758, '6100140455', 'RICARDO GARCIA PICHARDO'),
(759, '505044174', 'FERNANDEZ ROSARIO JOSE LUIS'),
(760, '3700136785', 'ISIDRO CAMACHO'),
(761, '3700651346', 'NATIVIDAD VASQUEZ OSORIA'),
(762, '9700025035', 'JUAN ALEXIS BRAVO CRISOSTOMO'),
(763, '115531428', 'ANA POLONIA LORA CONCEPCION'),
(764, '502617702', 'PASCUALA ALTAGRACIA ALMONTE'),
(765, '300156882', 'DIOMARIS MARIA BELLO TEJEDA DE FRANJUL'),
(766, '107295990', 'ZOILA YOSELIN RAMIREZ BATISTA'),
(767, '108574757', 'JUAN SANTIAGO ARNAUT FRAGOSO'),
(768, '3101851198', 'HUMBERTO ENCARNACION HERRERA'),
(769, '3102249848', 'FELIZ TAPIA FIGUEREO'),
(770, '5600529100', 'RAMON DISLA'),
(771, '6100039327', 'MAXIMO HERRERA MARTE'),
(772, '3102228669', 'ANA YSABEL CABRERA PEREZ'),
(773, '3102352667', 'RUBEN ANTONIO SANTANA LIRIANO'),
(774, '3100791718', 'NORBERTO ANTONIO TAVERAS ESTEVEZ'),
(775, '3100688476', 'AURELIANO ALMONTE MARTINEZ'),
(776, '502599135', 'PICHARDO GUILLERMO ARISTEDES'),
(777, '501490424', 'FERMIN WILFRIDO'),
(778, '3100136617', 'DIEGO ANTONIO ESTEVEZ REYES'),
(779, '3100072267', 'IRIS NELDA DIAZ ALMONTE'),
(780, '3103887612', 'LUIS FELIPE RODRIGUEZ NU?EZ'),
(781, '3500148790', 'MARINO DE JESUS MARTE PICHARDO'),
(782, '501745554', 'SANTOS SANTOS AUGUSTO'),
(783, '9500013652', 'EPIFANIA ALTAGRACIA PAULINO PERALTA'),
(784, '9500007175', 'MANUEL ANTONIO PAULINO TAVERAS'),
(785, '107753360', 'EDGAR NAJIB ACRA CHABEBE'),
(786, '505055992', 'STANDENMAIER HEINRICH HANS'),
(787, '3700535119', 'DIONICIO DIAZ SANTOS'),
(788, '2300222003', 'RAMON VICENTE ESCANIO'),
(789, '501948651', 'ZABALA BURGOS LUIS HUMBERTO'),
(790, '501494144', 'BAYONA PEGUERO ARISMENDY'),
(791, '502899432', 'RICHARDSON ANDREA'),
(792, '502598864', 'CASTILLO MORAN ALFONSINA'),
(793, '3100230709', 'JOSE RAFAEL TORRES QUEZADA'),
(794, '3102277898', 'FELIX ANTONIO FERNANDEZ RODRIGUEZ'),
(795, '502598902', 'BATISTA JIMENEZ ORIALIS FRANCISCA'),
(796, '531026121', 'JOSE LUIS CACERES ALMANZAR'),
(797, '101258572', 'WILFREDO ARISMENDY PERALTA BAEZ'),
(798, '5600000441', 'MANUEL RAMON DE JESUS BURGOS MEJIA'),
(799, '531027975', 'BATTLLE DE COLL EMMA'),
(800, '3101983447', 'JOSE LUIS LOPEZ'),
(801, '4700004627', 'JOSE RAFAEL POLANCO PAULINO'),
(802, '3100867047', 'ADRIANO BOLIVAR HERNANDEZ ESPINAL'),
(803, '3100964158', 'EDUARDO ALBERTO RODRIGUEZ PEREZ'),
(804, '3100849649', 'RAFAELA ALTAGRACIA RIVAS AZCONA'),
(805, '502598912', 'FERMIN CORREA JHONNY HERIBERTO'),
(806, '300430659', 'MANUEL ODALIS SOTO'),
(807, '3102843764', 'JOSE ROSA CRUZ'),
(808, '3103437848', 'ROSA ALICIA TAVERA GUZMAN'),
(809, '502598929', 'FERNANDEZ FLORDELUZ'),
(810, '1200155719', 'FRANCISCA DE LOS SANTOS TURBI'),
(811, '3200140501', 'SOMAYRA MERCEDES HENRIQUEZ'),
(812, '112940986', 'JUAN ALMONTE FABIAN'),
(813, '3100942931', 'ADELAIDA MERCEDES HENRIQUEZ'),
(814, '3400183970', 'PERCIO ANTONIO PERALTA RODRIGUEZ'),
(815, '7100449995', 'RENEYDA DUARTE ACOSTA'),
(816, '1200128765', 'BARTOLINA CORDERO ACEVEDO'),
(817, '1200124053', 'FELIX ALBERTO VILLEGAS CORDERO'),
(818, '107260200', 'CAONA ORQUIDEAS MATEO GARCIA'),
(819, '1200139960', 'LUCIA CONTRERAS FURCAL'),
(820, '300178746', 'AIDA BLANCE JOSEFINA BAEZ VALENZUELA'),
(821, '6100113056', 'CECILIA MOSQUEA GOMEZ'),
(822, '4200038562', 'ANTONIO VINICIO ESPINAL ALMONTE'),
(823, '515123769', 'BRITO VALDEZ MARGARITA'),
(824, '300697042', 'JANE HAITIER JOSE MONTERO MARI?EZ'),
(825, '300725637', 'CHURCHIL AUGUSTO ONEAL CELADO'),
(826, '515123442', 'PEGUERO CASTILLO RAMON ANTONIO'),
(827, '8400060201', 'WILSON AMADO SANTOS SANTOS'),
(828, '300584083', 'HUMBERTO ANTONIO VILLAR GUERRERO'),
(829, '102485992', 'CLAUDIO HENRRY DE LOS SANTOS MELO'),
(830, '107147571', 'DOMINGA JUMA'),
(831, '2600425603', 'MORAIMA JAQUELINE MIRAMBEAUX MOTA'),
(832, '502615025', 'GUZMAN GERMANIA'),
(833, '2600657650', 'ISABEL GISELA MORETA VASQUEZ DE RUIZ'),
(834, '2600884718', 'ORLANDO RAPOSO ARIAS'),
(835, '10300063921', 'VICTOR JULIO DE LA CRUZ MEDINA'),
(836, '2600343277', 'ISABEL CRISTINA CANDELARIO'),
(837, '3600286227', 'LUIS AUGUSTO PEREZ TAVERAS'),
(838, '4900063613', 'RAMON JIMENEZ RONDON'),
(839, '530002325', 'ETES ROSE MARIE'),
(840, '113772735', 'MILAGRO ANTONIA BRITO RIJO'),
(841, '3900196324', 'TEOFILA MARTINEZ'),
(842, '2600273599', 'LUZ CELENIA REYES MALDONADO'),
(843, '107169484', 'DELIO DOMINGO COLON BURGOS'),
(844, '3102262155', 'CARLOS RAMON BERGES ROJAS'),
(845, '512043661', 'SABA DOMENICO'),
(846, '512043643', 'ESPINAR VALL DE PADRINAS JAIME LUIS'),
(847, '512043597', 'NEWTON LIGIA'),
(848, '5600172943', 'BETANIA ALTAGRACIA TORIBIO PAULINO'),
(849, '106844509', 'PEDRO MARIA COLLANTE PERALTA'),
(850, '501494756', 'RUIZ LUIS'),
(851, '512043589', 'DAO SALDIVIA EDGAR ALBERTO'),
(852, '116188392', 'CHAI LUONG'),
(853, '512043554', 'DENKO JOSEPH NICOLAS'),
(854, '512043546', 'PEREZ MAURA JAIME'),
(855, '3102423054', 'JOSE RAMON GILBERTO CAIMARES SALCEDO'),
(856, '6800137686', 'FRANCISCO SANTAMARIA ROMERO'),
(857, '525001762', 'ROSARIO TAVAREZ ZUNILDA ANTONIA'),
(858, '3700581774', 'CRISTINA MARIBEL MEDRANO MARTINEZ'),
(859, '2600849349', 'PAULA DE JESUS'),
(860, '111389763', 'LINETTE JOSEFINA HERNANDEZ FERMIN'),
(861, '114137441', 'ROBERTO ALEJANDRO ROBERTS RODRIGUEZ'),
(862, '3103215640', 'RAMON ANTONIO TAVAREZ RODRIGUEZ'),
(863, '300716172', 'RAFAEL EMILIO MELO ORTIZ'),
(864, '5600595945', 'ADALGIZA MILAGROS SANCHEZ ROSARIO'),
(865, '505620452', 'ESTRADA OSVALDO'),
(866, '9700021869', 'ARGENTINA MATEO'),
(867, '3200137507', 'CARMEN YOLANDA RAMOS GARCIA'),
(868, '502856545', 'JIMENEZ FRIAS DEYVIS NAN'),
(869, '3103678748', 'RAFAEL ANTONIO TORRES TORRES'),
(870, '531051035', 'RAMON FELIPE ANTONIO URENA'),
(871, '504072477', 'PAULINO ISABEL'),
(872, '4800664494', 'MAXIMO ROMAN TAVAREZ'),
(873, '2700035203', 'JULIO CESAR BERAS PEGUERO'),
(874, '501483355', 'FERREIRA MARIA DOMINGA'),
(875, '1100006681', 'DOMINGA LEBRON CONTRERAS'),
(876, '531012463', 'INFANTE BELKYS MARGARITA'),
(877, '101846178', 'NELIDA ANTONIA PAULINO DE PANTOJA'),
(878, '3102884867', 'CIPRIANA ARIAS NU?EZ'),
(879, '3100032865', 'RUTH ALTAGRACIA ARIAS GUZMAN'),
(880, '5400493705', 'EMILIO ESTEBAN MU?OZ MU?OZ'),
(881, '501494152', 'DIAZ COLLADO JUAN MANUEL'),
(882, '108471806', 'EDANIS ALTAGRACIA ESPEJO GONZALEZ'),
(883, '5400937370', 'RAMON INOCENCIO MEDINA TORRES'),
(884, '5400032859', 'LUIS ALBERTO FELIX REYES'),
(885, '531046015', 'GOMEZ DUARTE RAMON JULIO'),
(886, '5400901897', 'DIOGENE ANTONIO SANTANA ALVAREZ'),
(887, '4500009032', 'PERSIO JUAN SOSA FERREIRA'),
(888, '5400615778', 'JUAN MANUEL SANTOS GUZMAN'),
(889, '102689734', 'ELADIO PAULINO FLORES'),
(890, '1300030903', 'JUAN DARIO SOTO'),
(891, '200170868', 'AMANDA ARGENTINA BELLO PENA DE RODRIGUEZ'),
(892, '501482121', 'PEREZ MATOS AMERICO'),
(893, '300091923', 'WILSON AUGUSTO CARRASCO BAEZ'),
(894, '501482138', 'HERNANDEZ RODRIGUEZ FRANCISCO RAFAEL'),
(895, '100829803', 'JOSEFA VIOLETA MEJIA HEREDIA DE FERRIOL'),
(896, '2300282171', 'JOSE MARTIN RODRIGUEZ ABREU'),
(897, '2300125545', 'CORINA DEL CARMEN UFFRE MARRERO'),
(898, '2300502503', 'MACELINO ANTONIO PEREZ'),
(899, '1000055044', 'LUIS ALBERTO MATOS MATOS'),
(900, '8100070906', 'DOMINGO GIL ESPINAL'),
(901, '2300236995', 'JUANA SOLANO SOSA DE NU?EZ'),
(902, '2300873854', 'MARCOS ANTONIO SANTANA'),
(903, '9300195402', 'RAFAEL NORBERTO CABRERA'),
(904, '2300727878', 'JUANA MERCEDES VICENTE MORONTA'),
(905, '2800095669', 'LUIS MARIA SOLIMAN PEREZ'),
(906, '4800492318', 'ROCIO ALTAGRACIA CORTORREAL COMPRES'),
(907, '2800433514', 'MARIA MARGARITA POUERIET GIL'),
(908, '5400659438', 'PRAXEDES JACOBO MARCHENA ACEVEDO'),
(909, '3100569189', 'MANUEL TIBURCIO TAVAREZ COLON'),
(910, '2600486126', 'RAQUER ABREU PINALES'),
(911, '100629534', 'CAMPOS SILVESTRE JOSE DE MOYA FERNANDEZ'),
(912, '2600177444', 'OSIRIS VALDEZ TIBURCIO'),
(913, '5600884026', 'JUAN RAMIRO MU?OZ FLORES'),
(914, '100180421', 'RUFINO TAVAREZ AMPARO'),
(915, '502617583', 'TEJADA TERESA ALTAGRACIA'),
(916, '531002192', 'RUBESINDO SANCHEZ TEODOSIA'),
(917, '504687757', 'GARCIA MARIA LIBRADA'),
(918, '6000007739', 'FILIBERTO TAVERAS'),
(919, '5000004795', 'PEDRO PABLO ABREU DIAZ'),
(920, '3700649175', 'JUANA ALVAREZ'),
(921, '9500011177', 'LUCILA SUAREZ DEL VILLAR'),
(922, '9400110939', 'LUISA ALTAGRACIA HIRALDO'),
(923, '107284630', 'ARACELIS ALTAGRACIA PEREZ TAVERAS'),
(924, '5400097639', 'WILSON BERIGUETE PLACENCIA'),
(925, '102074697', 'DELCIDO ANTONIO SANTOS ALEMAN'),
(926, '2300186646', 'ODALIS RAMOS'),
(927, '502610988', 'PERALTA PEDRO LEONARDO'),
(928, '3101469637', 'JOSE OSVALDO YNOA FERNANDEZ'),
(929, '502610996', 'POLANCO DINORA ISABEL'),
(930, '2300266604', 'MAYLEN DE LOURDES CHALAS FRAPPIER'),
(931, '2300127632', 'OLGA FRAPPIER A DE CHALAS'),
(932, '100130756', 'MERCEDES GEORGINA MINI?O BETHANCOURT'),
(933, '5600259922', 'RAQUEL CELINA CORTORREAL TEJADA'),
(934, '506124652', 'HOLGUIN EUCLIDES'),
(935, '108784133', 'NORMA MATEO MATOS'),
(936, '201021086', 'TOMAS GONZALEZ TAMAREZ'),
(937, '200179174', 'NIDIA NIBERKA CEPEDA NINA'),
(938, '502617605', 'RODRIGUEZ TINEO MARIA MAGDALENA'),
(939, '506124677', 'TAVAREZ ROSARIO ESTANISLAO'),
(940, '5000260868', 'LEIRY BETHANIA PICHARDO VICTORIANO'),
(941, '200399780', 'RUMALDO ASENCIO MARTINEZ'),
(942, '506124685', 'GOMEZ ROSARIO DOMINGO'),
(943, '9400099819', 'JUANA BUENA RAMOS DE MOREL'),
(944, '502608592', 'NUNEZ MIGUEL SE JESUS'),
(945, '106163421', 'JULIO ANTONIO ORTIZ ALVAREZ'),
(946, '3102456716', 'FILIBERTO CARLOS LOPEZ PICHARDO'),
(947, '1200159257', 'ENERCIDA SANCHEZ'),
(948, '6500231367', 'RUBENSORY DAYANARA BAEZ'),
(949, '6900000677', 'EURIDES JORGE DOTEL PEREZ'),
(950, '501476812', 'MUNOZ PUELLO FELIX OVIDIO'),
(951, '200976017', 'VIRGILIO MEDINA LUNA'),
(952, '7100012546', 'TEONILDA MERCEDES GOMEZ DE OLIVO'),
(953, '5300155834', 'FRANCISCO DIAZ PE?A'),
(954, '4800389381', 'ERINELDO PAULINO BURDIER'),
(955, '3102294695', 'EMILIANO ANTONIO NU?EZ FRIAS'),
(956, '300020005', 'LUIS EDUARDO CHALAS LOPEZ'),
(957, '111405387', 'LUCIA LAGARES DE CUEVA'),
(958, '111116869', 'RUMARDO ANTONIO DE JESUS ESTEVEZ'),
(959, '531094354', 'NINA HERNANDEZ CARLOS ALBERTO'),
(960, '300432580', 'JOSE DEL CARMEN GONZALEZ'),
(961, '3100741127', 'NIVIA DE LAS NIEVES DE LA ROSA'),
(962, '511106324', 'ALTAGRACIA PUELLO'),
(963, '501407349', 'ROSA JULIA AGUIAR GARRION'),
(964, '2800122802', 'MARIA SANTANA TAVAREZ'),
(965, '113544852', 'CELINA VENTURA ALVAREZ VASQUEZ'),
(966, '501472744', 'SANCHEZ CEBALLOS DANIEL'),
(967, '6100177184', 'FRANCISCO ZAYAS MIESES'),
(968, '102645843', 'INGRID SORAYA PAULINO PEREZ'),
(969, '3101889875', 'JOSE FRANCISCO REYES'),
(970, '9400115417', 'RAMON DE JESUS BUENO CORDERO'),
(971, '106757420', 'CARLIXTA SOLANO MONTA?O'),
(972, '3100041197', 'JOSE NICOLAS GARCIA PE?A'),
(973, '300043916', 'MERCEDES YOLANDA PEREYRA MATOS DE ARIAS'),
(974, '300160876', 'SANTA ROSA SOTO PE?A'),
(975, '501482172', 'HERNANDEZ CARMEN CECILIA'),
(976, '505058851', 'REINERS HILDEGAND ANTONIA'),
(977, '505058868', 'VAN DEKKEN HELMUTH JAKOB BENNHAND'),
(978, '108757543', 'JUAN ALBERTO BAEZ FRANCO'),
(979, '3100473333', 'DIEGO FEDERICO OLIVARES GRULLON'),
(980, '11800082254', 'AURA BATISTA PERALTA'),
(981, '6800083807', 'MODESTO HEREDIA MELENCIANO'),
(982, '501962563', 'RIVARD MARCEL'),
(983, '100338797', 'FIOR D ALIZA VASQUEZ P DE HIDALGO'),
(984, '2300126352', 'JOSE BATISTA'),
(985, '3100616220', 'BIENVENIDA VILLALONA LIZARDO'),
(986, '2200038053', 'OTTO PE?A GUZMAN'),
(987, '5600093073', 'JUANA MARIA CAMILO GOMEZ'),
(988, '2600203034', 'MANUEL EMILIO MARI?EZ JULIAN'),
(989, '2600173740', 'GRINIS MARI?EZ MARMOLEJOS'),
(990, '531136962', 'MANUEL ANTACOSTA'),
(991, '2600045583', 'FRANCISCO HERNANDEZ EUSEBIO'),
(992, '2600224576', 'MARLENE YSABEL DE LOS MILAGROS DOMINGUEZ NU?E'),
(993, '2600299180', 'NATHANIEL FELIPE PHILIPS ROMAN'),
(994, '2300944028', 'WALDI ABRAHAM ZORRILLA VENTURA'),
(995, '9700188320', 'ALEIDA ESTEL CASTILLO BATISTA'),
(996, '501474941', 'GUERRERO SANCHEZ RAFAEL LUDOVINO'),
(997, '501483322', 'MUNOZ GUTIERREZ FERNANDO SANTIAGO'),
(998, '2500338484', 'ANGEL ALBERTO RODRIGUEZ PI?A'),
(999, '2900028388', 'LORENZO DIAZ MEJIA'),
(1000, '6100011102', 'VALENTIN DE LA CRUZ HIDALGO'),
(1001, '501992659', 'FERRER SUAZO V BOLIVAR V'),
(1002, '1800328773', 'ZOILA ARGENTINA PI?A SANTANA'),
(1003, '503507845', 'ESPINAL DE VARGAS CRISTIAN CAROLINA'),
(1004, '4400055713', 'LUIS TOSHIHIDE TANIOKA TANIOKA'),
(1005, '100412253', 'GREY ENCARNACION GUERRERO SANTANA'),
(1006, '531021616', 'PINELA DE CONTRERA ANGELA CESARINA'),
(1007, '505061771', 'THEONIL ALTAGRACIA LEOCADIA HANS DORVILLE'),
(1008, '4800070916', 'FRANCISCO FRIAS GARCIA'),
(1009, '112612825', 'MARCO BOTTI'),
(1010, '9500140521', 'JUAN JOSE CERCET'),
(1011, '3100581432', 'JOSE FERNANDO PE?A ARIAS'),
(1012, '101200293', 'CARMEN DILSA NIN FELIZ'),
(1013, '501995259', 'OLIVARES B ROSA'),
(1014, '100157056', 'ANA BELLIDA GONZALEZ PIMENTEL'),
(1015, '12100013866', 'JANSY CLASE BATISTA'),
(1016, '531130865', 'JOHNNY BATISTA'),
(1017, '4701083091', 'ANA GISELA MINIER DE DURAN'),
(1018, '100892488', 'LIMBERT ANTONIO REYNOSO TERRERO'),
(1019, '9700169494', 'NAURIO MIGUEL TATIS VARGAS'),
(1020, '6700009274', 'JOSE RAFAEL DILONE BERROA'),
(1021, '505058841', 'PLAUT GIDEON'),
(1022, '101590594', 'NELSON EMILIO KINGSLEY MENA'),
(1023, '502611003', 'GARCIA ROSARIO ANGELA MARIA'),
(1024, '501473155', 'MARTINEZ FAJARDO BRIGIDA'),
(1025, '531018445', 'ROJAS ANTONIA'),
(1026, '2600288191', 'FLOR MARIA LEDESMA DE LA ROSA'),
(1027, '2600233999', 'MIRTHA SEVERINO'),
(1028, '2600453852', 'FRANCISCA SHEPARD CAPOIS'),
(1029, '2600041814', 'CRISTINA SANTANA GIL'),
(1030, '3500161355', 'DARIO ANTONIO FERNANDEZ DE LA CRUZ'),
(1031, '2600163741', 'RUBEN DARIO CASTILLO PACHECO'),
(1032, '2600566752', 'ANGEL OLIVER MARTINEZ GUERRERO'),
(1033, '104838818', 'ERCILIO ANTONIO GARCIA Y GARCIA'),
(1034, '102547254', 'EMILIANO LEON CASTRO'),
(1035, '108935842', 'MIGUELINA DE LA CARIDAD MELO PIMENTEL DE GUER'),
(1036, '3104271501', 'JUAN CARLOS TAVAREZ MORALES'),
(1037, '108935859', 'LUIS ORLANDO GUERRERO MELO'),
(1038, '100563774', 'WILSON DE REGLA BAEZ'),
(1039, '100307172', 'ANGEL ALCIDES BAEZ BREA'),
(1040, '113774665', 'JULIO ARMANDO AYBAR AGUASVIVA'),
(1041, '101236263', 'MILTON DE JESUS SOTO FELIZ'),
(1042, '100475862', 'HAIFA YOANNA SOTO CASTILLO'),
(1043, '100166974', 'MARGARITA MIREYA BAEZ'),
(1044, '300221322', 'SANTO GERINERDO SOTO VILLALONA'),
(1045, '112217955', 'ANA NUBIA GARIB RAMIREZ'),
(1046, '103392676', 'SELIN RAMIREZ'),
(1047, '501484564', 'CUEVAS ANGELA DINORAH'),
(1048, '100565373', 'MILCIADES EMILIO MEJIA BAEZ'),
(1049, '2600154328', 'ROBERTO ALEJANDRO LIBERT DE LA ROSA');

-- --------------------------------------------------------

--
-- Estructura de tabla para la tabla `compras`
--

CREATE TABLE `compras` (
  `id` int(11) NOT NULL,
  `fecha` date NOT NULL,
  `comprobante_id` int(11) NOT NULL,
  `usuario_id` int(11) NOT NULL,
  `subtotal` double(10,2) NOT NULL,
  `itbis` double(10,2) NOT NULL,
  `total` double(10,2) NOT NULL,
  `numero` varchar(20) NOT NULL,
  `proveedor_id` int(11) NOT NULL,
  `estado` tinyint(1) NOT NULL,
  `tipo_pago` int(11) NOT NULL
) ENGINE=InnoDB DEFAULT CHARSET=utf8;

--
-- Volcado de datos para la tabla `compras`
--

-- --------------------------------------------------------

--
-- Estructura de tabla para la tabla `comprobantes`
--

CREATE TABLE `comprobantes` (
  `id` int(11) NOT NULL,
  `nombre` varchar(150) DEFAULT NULL,
  `serie` varchar(45) NOT NULL,
  `numero_inicial` int(11) NOT NULL,
  `limite` int(11) NOT NULL,
  `cantidad_realizada` int(11) NOT NULL,
  `aviso` int(11) DEFAULT NULL,
  `solicitar_cliente` tinyint(4) NOT NULL DEFAULT '0',
  `predeterminado` tinyint(1) NOT NULL DEFAULT '0'
) ENGINE=InnoDB DEFAULT CHARSET=utf8;

--
-- Volcado de datos para la tabla `comprobantes`
--

INSERT INTO `comprobantes` (`id`, `nombre`, `serie`, `numero_inicial`, `limite`, `cantidad_realizada`, `aviso`, `solicitar_cliente`, `predeterminado`) VALUES
(1, 'COMPROBANTE FISCAL', 'B01', 1, 100, 1, 10, 1, 0),
(2, 'CONSUMIDOR FINAL', 'B02', 1, 100, 0, 20, 0, 0),
(3, 'COMPROBANTES GUBERNAMENTAL', 'B05', 1, 100, 0, 20, 1, 0),
(4, 'Factura', 'F01', 1, 100, 10, 20, 0, 1),
(5, 'Ticket', 'T01', 1, 100, 0, 20, 0, 0),
(6, 'Nota de Credito', 'N01', 1, 100, 0, 20, 0, 0),
(7, 'Boleta', 'B03', 1, 200, 0, 20, 0, 0);

-- --------------------------------------------------------

--
-- Estructura de tabla para la tabla `detalle_compra`
--

CREATE TABLE `detalle_compra` (
  `id` int(11) NOT NULL,
  `compra_id` int(11) NOT NULL,
  `producto_id` int(11) NOT NULL,
  `cantidad` int(11) NOT NULL
) ENGINE=InnoDB DEFAULT CHARSET=utf8;

--
-- Volcado de datos para la tabla `detalle_compra`
--

-- --------------------------------------------------------

--
-- Estructura de tabla para la tabla `detalle_venta`
--

CREATE TABLE `detalle_venta` (
  `id` int(11) NOT NULL,
  `venta_id` int(11) DEFAULT NULL,
  `producto_id` int(11) DEFAULT NULL,
  `precio` double(10,2) DEFAULT NULL,
  `cantidad` int(11) DEFAULT NULL,
  `importe` double(10,2) DEFAULT NULL
) ENGINE=InnoDB DEFAULT CHARSET=utf8;

--
-- Volcado de datos para la tabla `detalle_venta`
--


-- --------------------------------------------------------

--
-- Estructura de tabla para la tabla `menus`
--

CREATE TABLE `menus` (
  `id` int(11) NOT NULL,
  `nombre` varchar(45) NOT NULL,
  `link` varchar(150) DEFAULT NULL
) ENGINE=InnoDB DEFAULT CHARSET=utf8;

--
-- Volcado de datos para la tabla `menus`
--

INSERT INTO `menus` (`id`, `nombre`, `link`) VALUES
(1, 'Inicio', 'dashboard'),
(2, 'Categorias', 'mantenimiento/categorias'),
(3, 'Clientes', 'mantenimiento/clientes'),
(4, 'Productos', 'mantenimiento/productos'),
(5, 'Ventas', 'movimientos/ventas'),
(6, 'Reporte Ventas', 'reportes/ventas'),
(7, 'Usuarios', 'administrador/usuarios'),
(8, 'Permisos', 'administrador/permisos'),
(9, 'Comprobantes', 'administrador/comprobantes'),
(10, 'Cierre de Caja', 'caja/cierre'),
(11, 'Proveedores', 'mantenimiento/proveedores');

-- --------------------------------------------------------

--
-- Estructura de tabla para la tabla `permisos`
--

CREATE TABLE `permisos` (
  `id` int(11) NOT NULL,
  `menu_id` int(11) DEFAULT NULL,
  `rol_id` int(11) DEFAULT NULL,
  `insert` int(11) DEFAULT NULL,
  `update` int(11) DEFAULT NULL,
  `read` int(11) DEFAULT NULL,
  `delete` int(11) DEFAULT NULL
) ENGINE=InnoDB DEFAULT CHARSET=utf8;

--
-- Volcado de datos para la tabla `permisos`
--

INSERT INTO `permisos` (`id`, `menu_id`, `rol_id`, `insert`, `update`, `read`, `delete`) VALUES
(1, 1, 2, 1, 1, 1, 1),
(2, 2, 2, 1, 0, 1, 0),
(3, 3, 2, 1, 1, 1, 0),
(4, 4, 2, 1, 1, 1, 1),
(5, 5, 2, 1, 1, 1, 1),
(7, 6, 2, 1, 1, 1, 1),
(8, 7, 2, 1, 1, 1, 1),
(9, 8, 2, 1, 1, 1, 1),
(10, 1, 1, 1, 1, 1, 1),
(11, 2, 1, 1, 1, 1, 1),
(12, 4, 1, 1, 1, 1, 1),
(13, 5, 1, 1, 1, 1, 1),
(14, 6, 1, 1, 1, 1, 1),
(15, 7, 1, 1, 1, 1, 1),
(16, 3, 1, 1, 1, 1, 1),
(17, 8, 1, 1, 1, 1, 1),
(18, 9, 1, 1, 1, 1, 1),
(19, 10, 1, 1, 1, 1, 1),
(20, 11, 1, 1, 1, 1, 1),
(21, 10, 2, 1, 1, 1, 1);

-- --------------------------------------------------------

--
-- Estructura de tabla para la tabla `productos`
--

CREATE TABLE `productos` (
  `id` int(11) NOT NULL,
  `codigo` varchar(50) NOT NULL,
  `nombre` varchar(150) NOT NULL,
  `descripcion` text,
  `precio` double(10,2) DEFAULT NULL,
  `precio_compra` double(10,2) NOT NULL,
  `stock` int(11) DEFAULT NULL,
  `categoria_id` int(11) DEFAULT NULL,
  `estado` tinyint(4) DEFAULT NULL,
  `imagen` text
) ENGINE=InnoDB DEFAULT CHARSET=utf8;

--
-- Volcado de datos para la tabla `productos`
--

INSERT INTO `productos` (`id`, `codigo`, `nombre`, `descripcion`, `precio`, `precio_compra`, `stock`, `categoria_id`, `estado`, `imagen`) VALUES
(1, '7750182004893', 'Leche Gloria 400g ', 'Leche gloria 400g enlatado', 3.50, 3.30, 4, 2, 1, 'leche_gloria.jpg'),
(2, '77530967', 'Frugos de 1L ', 'Frugos de 1l tetrapack', 4.00, 3.50, -4, 3, 1, 'frugos.jpg'),
(3, '7702027040252', 'CocaCola 2.5L ', 'Coca Cola 2.5L envase no retornable', 6.50, 0.00, 0, 4, 1, 'cocacola.jpg'),
(4, '00011', 'leche pura vida 400g', 'leche evaporada pura vida', 2.60, 0.00, -1, 2, 1, 'leche_pura_vida.jpg'),
(5, '00012', 'Inca kola 3L ', 'Inca Kola 3l descartable', 9.50, 0.00, 0, 4, 1, 'inka_cola.jpg'),
(6, '9090', 'Filete de Atun Gloria', 'Filete de Atun Gloria enlatado', 5.50, 0.00, -1, 1, 1, 'filete_atun.jpg'),
(7, '9091', 'Filete de Atun Florida', 'Filete de Atun Florida enlatado', 5.00, 0.00, 0, 1, 1, 'milo.png'),
(8, '5050', 'Ariel de 360 g', 'Ariel de 360 g en bolsa', 4.00, 0.00, 11, 5, 1, 'ariel.jpg'),
(9, '5051', 'Bolivar 900g', 'Bolivar de 900g bolsa azul', 7.50, 0.00, 12, 5, 1, 'bolivar.jpg'),
(10, '010100', 'Sapolio Mata Moscas', 'Sapolio Mata Moscas', 8.00, 7.00, 0, 2, 1, 'avatar2.png');

-- --------------------------------------------------------

--
-- Estructura de tabla para la tabla `proveedores`
--

CREATE TABLE `proveedores` (
  `id` int(11) NOT NULL,
  `rnc` varchar(20) NOT NULL,
  `razon_social` varchar(250) NOT NULL
) ENGINE=InnoDB DEFAULT CHARSET=utf8;

--
-- Volcado de datos para la tabla `proveedores`
--

INSERT INTO `proveedores` (`id`, `rnc`, `razon_social`) VALUES
(1, '130990052', '9.81 INGENIERIA, SRL'),
(2, '101511992', 'A P COMERCIAL C POR A'),
(3, '130855773', 'ABASTECIMIENTOS COMERCIALES FJJ, SRL');

-- --------------------------------------------------------

--
-- Estructura de tabla para la tabla `roles`
--

CREATE TABLE `roles` (
  `id` int(11) NOT NULL,
  `nombre` varchar(45) NOT NULL,
  `descripcion` varchar(45) DEFAULT NULL
) ENGINE=InnoDB DEFAULT CHARSET=utf8;

--
-- Volcado de datos para la tabla `roles`
--

INSERT INTO `roles` (`id`, `nombre`, `descripcion`) VALUES
(1, 'Administrador', NULL),
(2, 'Usuario', NULL);

-- --------------------------------------------------------

--
-- Estructura de tabla para la tabla `usuarios`
--

CREATE TABLE `usuarios` (
  `id` int(11) NOT NULL,
  `nombres` varchar(200) DEFAULT NULL,
  `apellidos` varchar(200) DEFAULT NULL,
  `telefono` varchar(20) DEFAULT NULL,
  `email` varchar(150) DEFAULT NULL,
  `username` varchar(45) DEFAULT NULL,
  `password` varchar(150) DEFAULT NULL,
  `rol_id` int(11) DEFAULT NULL,
  `estado` tinyint(4) DEFAULT NULL
) ENGINE=InnoDB DEFAULT CHARSET=utf8;

--
-- Volcado de datos para la tabla `usuarios`
--

INSERT INTO `usuarios` (`id`, `nombres`, `apellidos`, `telefono`, `email`, `username`, `password`, `rol_id`, `estado`) VALUES
(1, 'yony', 'mamani', '454848', 'admin@admin.com', 'admin', 'd033e22ae348aeb5660fc2140aec35850c4da997', 1, 0),
(3, 'Julio', 'fuentes', '45444222', 'julio@gmail.com', 'julio', 'e5e9fa1ba31ecd1ae84f75caaa474f3a663f05f4', 2, 1);

-- --------------------------------------------------------

--
-- Estructura de tabla para la tabla `ventas`
--

CREATE TABLE `ventas` (
  `id` int(11) NOT NULL,
  `cliente_id` int(11) DEFAULT NULL,
  `comprobante_id` int(11) DEFAULT NULL,
  `numero` varchar(45) DEFAULT NULL,
  `fecha` datetime DEFAULT NULL,
  `monto` double(10,2) DEFAULT NULL,
  `usuario_id` int(11) DEFAULT NULL,
  `subtotal` double(10,2) NOT NULL,
  `itbis` double(10,2) NOT NULL,
  `estado` tinyint(1) NOT NULL DEFAULT '1'
) ENGINE=InnoDB DEFAULT CHARSET=utf8;

--
-- Volcado de datos para la tabla `ventas`
--

-- --------------------------------------------------------

--
-- Estructura de tabla para la tabla `ventas_pendientes`
--

CREATE TABLE `ventas_pendientes` (
  `id` int(11) NOT NULL,
  `comprobante_id` int(11) NOT NULL,
  `cliente_id` int(11) DEFAULT NULL,
  `monto` double(10,2) NOT NULL,
  `fecha` date NOT NULL,
  `numero_mesa` varchar(20) NOT NULL,
  `subtotal` double(10,2) NOT NULL,
  `itbis` double(10,2) NOT NULL
) ENGINE=InnoDB DEFAULT CHARSET=utf8;

-- --------------------------------------------------------

--
-- Estructura de tabla para la tabla `ventas_pendientes_detalle`
--

CREATE TABLE `ventas_pendientes_detalle` (
  `id` int(11) NOT NULL,
  `venta_pendiente_id` int(11) NOT NULL,
  `producto_id` int(11) NOT NULL,
  `precio` double(10,2) NOT NULL,
  `cantidad` int(11) NOT NULL,
  `importe` double(10,2) NOT NULL
) ENGINE=InnoDB DEFAULT CHARSET=utf8;

--
-- Índices para tablas volcadas
--

--
-- Indices de la tabla `caja`
--
ALTER TABLE `caja`
  ADD PRIMARY KEY (`id`);

--
-- Indices de la tabla `categorias`
--
ALTER TABLE `categorias`
  ADD PRIMARY KEY (`id`),
  ADD UNIQUE KEY `nombre_UNIQUE` (`nombre`);

--
-- Indices de la tabla `clientes`
--
ALTER TABLE `clientes`
  ADD PRIMARY KEY (`id`),
  ADD UNIQUE KEY `rnc_UNIQUE` (`rnc`);

--
-- Indices de la tabla `compras`
--
ALTER TABLE `compras`
  ADD PRIMARY KEY (`id`);

--
-- Indices de la tabla `comprobantes`
--
ALTER TABLE `comprobantes`
  ADD PRIMARY KEY (`id`),
  ADD UNIQUE KEY `nombre_UNIQUE` (`nombre`);

--
-- Indices de la tabla `detalle_compra`
--
ALTER TABLE `detalle_compra`
  ADD PRIMARY KEY (`id`);

--
-- Indices de la tabla `detalle_venta`
--
ALTER TABLE `detalle_venta`
  ADD PRIMARY KEY (`id`),
  ADD KEY `fk_detalle_venta_idx` (`venta_id`),
  ADD KEY `fk_detalle_producto_idx` (`producto_id`);

--
-- Indices de la tabla `menus`
--
ALTER TABLE `menus`
  ADD PRIMARY KEY (`id`),
  ADD UNIQUE KEY `nombre_UNIQUE` (`nombre`);

--
-- Indices de la tabla `permisos`
--
ALTER TABLE `permisos`
  ADD PRIMARY KEY (`id`),
  ADD KEY `fk_permiso_rol_idx` (`rol_id`),
  ADD KEY `fk_permiso_menu_idx` (`menu_id`);

--
-- Indices de la tabla `productos`
--
ALTER TABLE `productos`
  ADD PRIMARY KEY (`id`),
  ADD UNIQUE KEY `codigo_UNIQUE` (`codigo`),
  ADD UNIQUE KEY `nombre_UNIQUE` (`nombre`),
  ADD KEY `fk_producto_categoria_idx` (`categoria_id`);

--
-- Indices de la tabla `proveedores`
--
ALTER TABLE `proveedores`
  ADD PRIMARY KEY (`id`);

--
-- Indices de la tabla `roles`
--
ALTER TABLE `roles`
  ADD PRIMARY KEY (`id`),
  ADD UNIQUE KEY `nombre_UNIQUE` (`nombre`);

--
-- Indices de la tabla `usuarios`
--
ALTER TABLE `usuarios`
  ADD PRIMARY KEY (`id`),
  ADD UNIQUE KEY `email_UNIQUE` (`email`),
  ADD UNIQUE KEY `username_UNIQUE` (`username`),
  ADD KEY `fk_usuario_rol_idx` (`rol_id`);

--
-- Indices de la tabla `ventas`
--
ALTER TABLE `ventas`
  ADD PRIMARY KEY (`id`),
  ADD KEY `fk_venta_cliente_idx` (`cliente_id`),
  ADD KEY `fk_venta_comprobante_idx` (`comprobante_id`),
  ADD KEY `fk_venta_usuario_idx` (`usuario_id`);

--
-- Indices de la tabla `ventas_pendientes`
--
ALTER TABLE `ventas_pendientes`
  ADD PRIMARY KEY (`id`);

--
-- Indices de la tabla `ventas_pendientes_detalle`
--
ALTER TABLE `ventas_pendientes_detalle`
  ADD PRIMARY KEY (`id`);

--
-- AUTO_INCREMENT de las tablas volcadas
--

--
-- AUTO_INCREMENT de la tabla `caja`
--
ALTER TABLE `caja`
  MODIFY `id` int(11) NOT NULL AUTO_INCREMENT;

--
-- AUTO_INCREMENT de la tabla `categorias`
--
ALTER TABLE `categorias`
  MODIFY `id` int(11) NOT NULL AUTO_INCREMENT, AUTO_INCREMENT=6;

--
-- AUTO_INCREMENT de la tabla `clientes`
--
ALTER TABLE `clientes`
  MODIFY `id` int(11) NOT NULL AUTO_INCREMENT, AUTO_INCREMENT=1050;

--
-- AUTO_INCREMENT de la tabla `compras`
--
ALTER TABLE `compras`
  MODIFY `id` int(11) NOT NULL AUTO_INCREMENT;

--
-- AUTO_INCREMENT de la tabla `comprobantes`
--
ALTER TABLE `comprobantes`
  MODIFY `id` int(11) NOT NULL AUTO_INCREMENT, AUTO_INCREMENT=8;

--
-- AUTO_INCREMENT de la tabla `detalle_compra`
--
ALTER TABLE `detalle_compra`
  MODIFY `id` int(11) NOT NULL AUTO_INCREMENT;

--
-- AUTO_INCREMENT de la tabla `detalle_venta`
--
ALTER TABLE `detalle_venta`
  MODIFY `id` int(11) NOT NULL AUTO_INCREMENT;

--
-- AUTO_INCREMENT de la tabla `menus`
--
ALTER TABLE `menus`
  MODIFY `id` int(11) NOT NULL AUTO_INCREMENT, AUTO_INCREMENT=12;

--
-- AUTO_INCREMENT de la tabla `permisos`
--
ALTER TABLE `permisos`
  MODIFY `id` int(11) NOT NULL AUTO_INCREMENT, AUTO_INCREMENT=22;

--
-- AUTO_INCREMENT de la tabla `productos`
--
ALTER TABLE `productos`
  MODIFY `id` int(11) NOT NULL AUTO_INCREMENT, AUTO_INCREMENT=11;

--
-- AUTO_INCREMENT de la tabla `proveedores`
--
ALTER TABLE `proveedores`
  MODIFY `id` int(11) NOT NULL AUTO_INCREMENT, AUTO_INCREMENT=4;

--
-- AUTO_INCREMENT de la tabla `roles`
--
ALTER TABLE `roles`
  MODIFY `id` int(11) NOT NULL AUTO_INCREMENT, AUTO_INCREMENT=3;

--
-- AUTO_INCREMENT de la tabla `usuarios`
--
ALTER TABLE `usuarios`
  MODIFY `id` int(11) NOT NULL AUTO_INCREMENT, AUTO_INCREMENT=4;

--
-- AUTO_INCREMENT de la tabla `ventas`
--
ALTER TABLE `ventas`
  MODIFY `id` int(11) NOT NULL AUTO_INCREMENT;

--
-- AUTO_INCREMENT de la tabla `ventas_pendientes`
--
ALTER TABLE `ventas_pendientes`
  MODIFY `id` int(11) NOT NULL AUTO_INCREMENT;

--
-- AUTO_INCREMENT de la tabla `ventas_pendientes_detalle`
--
ALTER TABLE `ventas_pendientes_detalle`
  MODIFY `id` int(11) NOT NULL AUTO_INCREMENT;

--
-- Restricciones para tablas volcadas
--

--
-- Filtros para la tabla `detalle_venta`
--
ALTER TABLE `detalle_venta`
  ADD CONSTRAINT `fk_detalle_producto` FOREIGN KEY (`producto_id`) REFERENCES `productos` (`id`),
  ADD CONSTRAINT `fk_detalle_venta` FOREIGN KEY (`venta_id`) REFERENCES `ventas` (`id`);

--
-- Filtros para la tabla `permisos`
--
ALTER TABLE `permisos`
  ADD CONSTRAINT `fk_permiso_menu` FOREIGN KEY (`menu_id`) REFERENCES `menus` (`id`),
  ADD CONSTRAINT `fk_permiso_rol` FOREIGN KEY (`rol_id`) REFERENCES `roles` (`id`);

--
-- Filtros para la tabla `productos`
--
ALTER TABLE `productos`
  ADD CONSTRAINT `fk_producto_categoria` FOREIGN KEY (`categoria_id`) REFERENCES `categorias` (`id`);

--
-- Filtros para la tabla `usuarios`
--
ALTER TABLE `usuarios`
  ADD CONSTRAINT `fk_usuario_rol` FOREIGN KEY (`rol_id`) REFERENCES `roles` (`id`);

--
-- Filtros para la tabla `ventas`
--
ALTER TABLE `ventas`
  ADD CONSTRAINT `fk_venta_comprobante` FOREIGN KEY (`comprobante_id`) REFERENCES `comprobantes` (`id`),
  ADD CONSTRAINT `fk_venta_usuario` FOREIGN KEY (`usuario_id`) REFERENCES `usuarios` (`id`);
COMMIT;

/*!40101 SET CHARACTER_SET_CLIENT=@OLD_CHARACTER_SET_CLIENT */;
/*!40101 SET CHARACTER_SET_RESULTS=@OLD_CHARACTER_SET_RESULTS */;
/*!40101 SET COLLATION_CONNECTION=@OLD_COLLATION_CONNECTION */;
